state,year,total_pop,white_pop,black_pop,hispanic_pop,asian_pop,native_pop,islander_pop,multi_race_pop,median_income,poverty_rate,unemployment_rate,unemployed_15_weeks,labor_force_participation_rate,hs_grad_rate,bachelors_grad_rate,zhvi
AL,2022,4916000,0.645,0.252,0.048,0.014,0.002,N/A,0.039,59910,13.6,2.5,1.2,57,88.8,28.8,217335.1989
AL,2021,4900800,0.644,0.255,0.047,0.013,0.004,N/A,0.037,56930,15.9,3.4,2,56.6,87.9,27.4,193148.7979
AL,2020,0,0,0,0,0,0,0,0,54690,14.9,6.4,1.4,57.2,88,27.8,169855.5743
AL,2019,4767100,0.654,0.265,0.044,0.014,0.004,N/A,0.019,56200,12.9,3.2,1.4,57.7,87.1,26.3,157202.1806
AL,2018,4752600,0.656,0.265,0.043,0.013,<.01,N/A,0.019,49940,16,3.9,1.6,57.3,86.6,25.5,148927.5094
AL,2017,4741400,0.658,0.266,0.041,0.013,<.01,N/A,0.017,51110,15,4.5,2.2,56.7,86.5,25.5,143217.6293
AL,2016,4730100,0.66,0.265,0.041,0.012,0.01,N/A,0.017,47220,16.2,5.9,2.6,56.5,85.1,24.7,139181.9175
AK,2022,698600,0.577,0.028,0.073,0.061,0.128,0.016,0.116,89740,9.6,4.2,1.7,64.8,93.3,30.6,354599.5176
AK,2021,698700,0.579,0.026,0.067,0.07,0.138,0.015,0.105,81130,11.4,6.4,3.4,64.5,93.3,32.8,331952.2319
AK,2020,0,0,0,0,0,0,0,0,74750,13.4,8.4,2,63.7,93.7,31.9,315637.682
AK,2019,701700,0.6,0.022,0.07,0.06,0.151,0.015,0.083,78390,10.2,5.6,2.2,64.6,93.6,30.2,304538.8099
AK,2018,709100,0.601,0.029,0.071,0.061,0.156,0.011,0.072,68730,13.1,6,2.6,65.2,93.3,30.2,287105.3743
AK,2017,710100,0.61,0.025,0.067,0.066,0.134,0.01,0.089,72230,14.4,6.5,2.8,66,91.7,28.8,282881.3414
AK,2016,714900,0.614,0.029,0.067,0.06,0.15,0.012,0.068,75720,12.6,6.6,2.3,66.3,93.1,29.6,280635.4971
AZ,2022,7189700,0.518,0.043,0.325,0.035,0.033,0.001,0.044,73450,12.7,3.8,1.4,61.5,89.2,33,438658.733
AZ,2021,7107300,0.521,0.041,0.324,0.033,0.033,0.002,0.047,70820,12.6,5.1,3.1,61.3,89,32.4,363213.0556
AZ,2020,0,0,0,0,0,0,0,0,67090,10.9,7.8,1.8,61.4,89.1,33,293697.0823
AZ,2019,7098000,0.542,0.043,0.318,0.033,0.039,0.002,0.024,70670,9.9,4.8,1.6,62,87.6,30.2,267616.8857
AZ,2018,7004300,0.545,0.042,0.316,0.032,0.039,<.01,0.024,62280,12.8,4.8,1.7,61.2,87.5,29.7,250544.9546
AZ,2017,6841300,0.55,0.04,0.313,0.032,0.038,<.01,0.025,61130,13.2,5,1.8,60.6,87.2,29.4,232765.8344
AZ,2016,6760900,0.555,0.04,0.309,0.032,0.04,<.01,0.023,57100,16.1,5.5,1.9,60.4,86.7,28.9,217921.8948
AR,2022,2952900,0.677,0.141,0.085,0.015,0.004,0.004,0.074,53980,16.6,3.2,1.3,57.3,89.1,25.4,194822.9277
AR,2021,2936400,0.683,0.144,0.083,0.014,0.004,0.004,0.068,50780,16.8,4,2.2,56.5,88.7,25.3,174401.6205
AR,2020,0,0,0,0,0,0,0,0,50780,14.1,6.2,1.4,57.3,88.2,24.9,154522.835
AR,2019,2922500,0.721,0.152,0.078,0.016,0.006,0.004,0.024,54540,14.1,3.5,1,58.1,87.5,23.3,145709.227
AR,2018,2921300,0.722,0.15,0.077,0.015,0.01,<.01,0.027,49780,15.9,3.7,1.2,57.9,87.2,23.3,140198.8967
AR,2017,2910000,0.725,0.149,0.076,0.017,0.01,<.01,0.027,48830,14.8,3.7,1.3,58.3,86.7,23.4,135134.5919
AR,2016,2895400,0.73,0.153,0.073,0.014,0.01,<.01,0.022,45910,16,4,1.7,58.1,86,22.4,130786.0634
CA,2022,38187000,0.337,0.051,0.404,0.153,0.002,0.003,0.049,85300,11.2,4.3,2.4,61.8,84.7,37,738501.98
CA,2021,38379200,0.342,0.051,0.403,0.151,0.002,0.003,0.047,81580,11.9,7.3,4.9,61.1,84.4,36.2,650386.5632
CA,2020,0,0,0,0,0,0,0,0,77650,11.1,10.2,2.6,60.9,84.4,36.9,562502.2309
CA,2019,38642700,0.364,0.053,0.395,0.147,0.004,0.004,0.033,78100,10.1,4.1,1.6,62.4,84,35,536110.7286
CA,2018,38745900,0.367,0.054,0.394,0.146,<.01,<.01,0.033,70490,11.9,4.3,1.7,62.3,83.8,34.2,521103.4073
CA,2017,38713900,0.37,0.053,0.393,0.145,<.01,<.01,0.033,69760,12.4,4.8,2,62.3,83.3,33.6,475721.1933
CA,2016,38442400,0.375,0.054,0.39,0.142,<.01,<.01,0.033,66640,13.9,5.5,2.4,62.2,82.4,32.9,439544.1693
CO,2022,5695100,0.65,0.036,0.226,0.031,0.004,0.001,0.052,89930,8.1,3.1,1.3,68.2,93,45.9,546611.9753
CO,2021,5664200,0.653,0.036,0.222,0.031,0.003,0.002,0.053,84950,7.9,5.5,2.9,68.1,92.4,44.4,475613.7751
CO,2020,0,0,0,0,0,0,0,0,83780,9.5,6.8,1.4,67.3,92.7,44.2,411694.4001
CO,2019,5611800,0.678,0.038,0.218,0.032,0.005,0.001,0.028,72500,9.3,2.7,1,68.7,92.4,42.7,389875.7836
CO,2018,5555200,0.68,0.038,0.216,0.032,<.01,<.01,0.028,73030,9.1,3.1,1,68.6,91.9,41.7,371962.9629
CO,2017,5461100,0.683,0.038,0.216,0.031,0.01,<.01,0.026,74170,7.7,2.6,1,67.7,91.6,41.2,346114.1716
CO,2016,5398100,0.687,0.039,0.213,0.031,0.01,<.01,0.025,70570,8.5,3.1,1.4,66.9,91.4,39.9,317127.9619
CT,2022,3506600,0.62,0.097,0.183,0.047,0.001,N/A,0.052,90730,10.2,4.1,2.1,65.2,91.5,41.9,342689.2251
CT,2021,3501500,0.628,0.097,0.178,0.047,0.001,N/A,0.049,80960,8,6.4,4.1,63.1,91.1,42.1,307588.2668
CT,2020,0,0,0,0,0,0,0,0,79430,11.2,8,2.3,64.5,91.6,42.4,267623.1647
CT,2019,3453300,0.657,0.1,0.169,0.046,0.002,N/A,0.026,87290,8.3,3.6,1.8,66.3,90.7,39.8,256126.0858
CT,2018,3466300,0.663,0.099,0.166,0.047,<.01,N/A,0.024,72810,10.2,3.9,2.2,66.1,90.9,39.6,252882.7736
CT,2017,3478700,0.667,0.097,0.163,0.045,<.01,N/A,0.027,72780,10.9,4.4,2.1,66.3,90.4,38.7,247159.3384
CT,2016,3465100,0.676,0.098,0.158,0.045,<.01,N/A,0.022,75920,9.8,4.9,2.6,65.9,90.5,38.6,241427.0393
DE,2022,990700,0.59,0.211,0.103,0.041,0.001,N/A,0.054,80750,9.3,4.2,2.3,60.7,92,36.5,359641.9998
DE,2021,974100,0.595,0.203,0.102,0.041,N/A,N/A,0.057,68690,11.7,5.5,3.2,61.3,91.4,35.6,322658.1464
DE,2020,0,0,0,0,0,0,0,0,70020,10.5,7.5,2.1,61.4,91,34.7,281167.5744
DE,2019,940300,0.614,0.218,0.097,0.039,0.003,N/A,0.028,74190,6.5,3.6,1.4,62.1,90.3,33.2,271369.2211
DE,2018,937700,0.621,0.213,0.095,0.042,<.01,N/A,0.025,65010,7.4,3.7,1.5,62.1,89.8,31.3,263962.1268
DE,2017,931700,0.626,0.212,0.092,0.04,N/A,N/A,0.027,62320,9.2,4.5,2,62.2,90.6,31.5,257027.958
DE,2016,924300,0.63,0.207,0.092,0.04,<.01,N/A,0.027,58050,11.6,4.5,2.2,62.2,89.3,31,246807.4383
DC,2022,638600,0.363,0.422,0.119,0.039,N/A,N/A,0.055,101700,13.4,4.8,3.1,70.9,93.7,65.4,641893.9153
DC,2021,633400,0.359,0.431,0.115,0.038,N/A,N/A,0.055,90640,14,6.9,4,69.2,92.8,63,629874.4722
DC,2020,0,0,0,0,0,0,0,0,88220,16.8,7.9,3.1,69.7,93.8,63.6,595207.3612
DC,2019,671300,0.367,0.45,0.112,0.037,0.003,N/A,0.031,93110,12.5,5.5,3.2,71.2,91.9,59.7,570990.8234
DC,2018,667900,0.367,0.449,0.113,0.036,N/A,N/A,0.034,85750,14.7,5.7,3.1,70.4,92.1,60.4,555379.0998
DC,2017,657600,0.36,0.459,0.11,0.041,<.01,N/A,0.028,83380,13.6,6.1,3.5,70.5,90.2,57.3,527460.6647
DC,2016,644400,0.359,0.468,0.111,0.037,N/A,N/A,0.023,70980,16.3,6.2,3.9,69.9,90.5,56.8,506381.6645
FL,2022,21693500,0.508,0.144,0.273,0.028,0.001,0,0.046,65370,13.5,3,1.4,59.1,89.9,34.3,371953.6143
FL,2021,21304700,0.512,0.144,0.27,0.028,0.001,0,0.046,59730,12.6,4.7,3.1,58.2,89.8,33.2,297663.9865
FL,2020,0,0,0,0,0,0,0,0,57760,13.3,8.2,1.9,57.6,89.6,33.7,255509.333
FL,2019,20992000,0.53,0.15,0.266,0.027,0.002,0.001,0.024,58370,11.5,3.3,1.3,59.4,88.4,30.7,241243.1872
FL,2018,20843500,0.533,0.151,0.263,0.027,<.01,<.01,0.024,54640,13.7,3.7,1.5,59.3,88.5,30.4,229287.1644
FL,2017,20532300,0.539,0.151,0.258,0.028,<.01,<.01,0.023,53680,13.7,4.3,2,59.3,88.4,29.7,213056.9819
FL,2016,20144000,0.547,0.151,0.251,0.027,<.01,<.01,0.022,51180,13,4.9,2.5,59.2,87.4,28.6,197113.9598
GA,2022,10609800,0.498,0.306,0.104,0.044,0.001,0.001,0.047,67730,11.7,3.1,1.5,61.5,89.5,34.7,306191.9454
GA,2021,10478300,0.503,0.303,0.1,0.043,0.002,0,0.048,61500,14,3.9,2.3,61.6,89,34.6,254243.6412
GA,2020,0,0,0,0,0,0,0,0,59270,13.3,6.5,1.7,61.3,89.3,34.8,215181.106
GA,2019,10294000,0.52,0.313,0.098,0.041,0.002,0.001,0.025,56630,12.1,3.6,1.5,63,87.9,32.5,200421.846
GA,2018,10212800,0.525,0.309,0.097,0.041,<.01,<.01,0.025,55820,14.8,4,1.7,63.3,87.6,31.9,186666.2804
GA,2017,10121400,0.529,0.309,0.096,0.04,<.01,N/A,0.024,57020,13.3,4.8,2.2,63.9,87,30.9,171820.303
GA,2016,10001000,0.534,0.308,0.094,0.038,<.01,<.01,0.023,53530,15.4,5.5,2.7,62.4,86.4,30.5,161439.0559
HI,2022,1369500,0.195,0.011,0.108,0.359,0.001,0.094,0.232,91010,8.8,3.3,2,59.9,92.9,35.4,833701.3861
HI,2021,1365100,0.196,0.013,0.109,0.375,N/A,0.097,0.209,82200,10.9,6,6,59.6,92.9,35.3,707129.0512
HI,2020,0,0,0,0,0,0,0,0,80830,10.9,11.8,2.6,59.2,93.3,35.5,631796.4826
HI,2019,1343000,0.204,0.012,0.103,0.394,0.001,0.102,0.184,88010,8.4,2.5,0.9,61,92.4,33.6,615234.3835
HI,2018,1354800,0.206,0.015,0.105,0.379,N/A,0.096,0.199,80110,9.2,2.4,0.8,61.6,92,33.5,604315.8513
HI,2017,1356100,0.207,0.01,0.102,0.382,<.01,0.096,0.203,73580,10.3,2.2,0.9,62,92.3,32.9,575458.593
HI,2016,1364600,0.211,0.013,0.102,0.376,N/A,0.095,0.202,72130,9.3,2.9,1.3,62.1,92,31.9,544047.1761
ID,2022,1885200,0.793,0.005,0.135,0.013,0.008,0.002,0.043,72580,8.2,2.8,0.8,63,92,32.3,471894.0142
ID,2021,1865000,0.788,0.007,0.133,0.014,0.007,0.001,0.051,76920,9.3,3.6,1.4,62.9,91.3,30.7,412975.7518
ID,2020,0,0,0,0,0,0,0,0,66730,9.1,5.5,0.9,63.3,91.3,30.9,309840.0819
ID,2019,1750900,0.816,0.007,0.129,0.012,0.009,N/A,0.026,65990,7.1,2.9,0.6,64.3,91.5,28.7,272612.0271
ID,2018,1719600,0.819,0.005,0.127,0.016,0.011,N/A,0.022,58730,11.5,2.9,0.6,64.1,90.9,27.7,243811.1479
ID,2017,1682100,0.821,0.01,0.124,0.013,0.01,N/A,0.025,60210,11.7,3.2,0.8,63.9,90.8,26.8,218574.1772
ID,2016,1650700,0.825,0.01,0.123,0.014,0.011,N/A,0.02,56560,11.1,3.7,1.1,63.8,90.4,27.6,200402.8294
IL,2022,12296100,0.585,0.13,0.184,0.06,0.001,0,0.04,78020,9.5,4.6,2.1,64.1,90.4,37.7,240521.7988
IL,2021,12368800,0.59,0.132,0.181,0.057,0.001,0,0.039,79250,10.7,6.1,3.8,63,90.2,37.1,219795.7167
IL,2020,0,0,0,0,0,0,0,0,74330,8,9.3,2.1,62.6,90.4,37.6,198998.1355
IL,2019,12362300,0.609,0.136,0.176,0.056,0.001,<.01,0.022,74400,9.3,4,1.6,64.6,89.8,35.8,192383.4331
IL,2018,12438400,0.61,0.136,0.175,0.056,<.01,<.01,0.022,70150,10.3,4.4,1.8,64.7,89.5,35.1,187366.3672
IL,2017,12496600,0.613,0.137,0.174,0.054,<.01,N/A,0.021,64610,10.9,5,2.3,64.7,89.1,34.4,179393.3113
IL,2016,12491200,0.618,0.137,0.171,0.053,<.01,<.01,0.019,61390,12.1,5.9,3,65.3,88.8,34,171464.995
IN,2022,6639400,0.761,0.091,0.078,0.025,0.001,0,0.044,70030,10.4,3.1,1,63.2,90.2,29.6,220388.4363
IN,2021,6601300,0.767,0.086,0.077,0.023,0.001,N/A,0.045,70190,10.4,3.9,2,62.8,90.6,28.9,194269.7895
IN,2020,0,0,0,0,0,0,0,0,66810,12.1,7.4,1.3,63,90.2,28.9,168872.5999
IN,2019,6511800,0.786,0.092,0.072,0.024,0.002,N/A,0.023,66690,10.1,3.3,1,64.6,89.6,26.9,156859.744
IN,2018,6487100,0.79,0.093,0.071,0.023,<.01,N/A,0.022,59890,11.6,3.4,0.9,65,89,27.1,146742.0092
IN,2017,6459400,0.794,0.091,0.07,0.021,<.01,N/A,0.024,58870,11.4,3.5,1.1,64.2,88.6,26.8,136933.5788
IN,2016,6431400,0.798,0.091,0.068,0.021,<.01,N/A,0.021,56090,11.8,4.4,1.6,64.7,88.4,25.6,129575.7049
IA,2022,3101000,0.829,0.036,0.068,0.024,0.001,0.002,0.039,76320,9.4,2.8,0.7,68,93.5,32.3,202868.0935
IA,2021,3093200,0.831,0.034,0.067,0.023,0.003,0.001,0.041,72430,9.7,3.9,1.7,67.1,93.3,30.5,183393.9512
IA,2020,0,0,0,0,0,0,0,0,68820,9.2,5.2,1.1,66.9,93.1,29.5,167728.4025
IA,2019,3060200,0.853,0.039,0.063,0.023,0.003,<.01,0.019,66050,9.5,2.7,0.6,70,92.6,29.3,160042.2904
IA,2018,3056800,0.855,0.034,0.061,0.026,<.01,N/A,0.02,68720,8.9,2.6,0.8,69.2,92.3,29,152433.2084
IA,2017,3045600,0.859,0.031,0.059,0.027,<.01,N/A,0.02,63480,9.1,3.1,1,68.9,92.1,28.9,146369.8961
IA,2016,3030400,0.866,0.033,0.057,0.024,<.01,N/A,0.017,59090,9.8,3.6,1,69.7,91.8,28.4,141827.5742
KS,2022,2838500,0.733,0.046,0.131,0.03,0.004,N/A,0.055,73040,10.5,2.6,0.9,66.5,92.1,35.6,203653.6958
KS,2021,2843100,0.734,0.047,0.129,0.03,0.004,N/A,0.056,75980,7.1,3.4,1.5,66.5,91.9,35.4,181244.1296
KS,2020,0,0,0,0,0,0,0,0,73080,9.3,5.8,0.9,66.8,91.8,35.1,161331.4655
KS,2019,2811200,0.757,0.055,0.122,0.028,0.006,N/A,0.032,73150,9.5,3.2,0.9,67.1,91.8,34,149943.5409
KS,2018,2814700,0.76,0.054,0.12,0.028,0.01,N/A,0.032,63940,7.5,3.4,1,66.8,91,33.8,142936.7128
KS,2017,2817600,0.761,0.053,0.119,0.03,0.01,N/A,0.03,57870,14.7,3.6,1.2,66.8,91,33.7,136262.9024
KS,2016,2817000,0.765,0.056,0.117,0.027,0.01,N/A,0.029,56810,11.2,4,1.5,67.4,90.5,32.8,131386.1313
KY,2022,4377200,0.825,0.074,0.041,0.014,0.001,N/A,0.045,55870,17.1,4,1.2,57.6,89,27.9,188212.7744
KY,2021,4365500,0.83,0.068,0.038,0.015,0.002,N/A,0.047,55630,16.2,4.5,2,57.1,88,27,169731.9932
KY,2020,0,0,0,0,0,0,0,0,56760,13.9,6.5,1.8,57,88.7,27.4,150143.7935
KY,2019,4319300,0.845,0.08,0.037,0.016,0.001,N/A,0.02,55660,13.6,4.1,1.4,58.7,87.2,25.1,139848.0504
KY,2018,4320300,0.848,0.076,0.036,0.015,<.01,N/A,0.023,54560,15.7,4.2,1.4,58.6,86.8,24.8,132370.8326
KY,2017,4307100,0.849,0.079,0.035,0.015,<.01,N/A,0.022,51350,14.4,4.8,2,58.8,86.3,24,124914.8588
KY,2016,4287700,0.852,0.08,0.034,0.014,<.01,N/A,0.018,45370,15.2,5,2.1,58.3,85.7,23.4,118772.7011
LA,2022,4451600,0.571,0.306,0.057,0.018,0.004,N/A,0.044,58320,16.9,3.6,1.9,58.4,87.3,27.1,208826.3598
LA,2021,4480200,0.574,0.306,0.055,0.018,0.004,N/A,0.044,57210,18.4,5.6,3.7,57.7,86.7,26.4,198002.9453
LA,2020,0,0,0,0,0,0,0,0,51190,15.5,8.7,2.5,57.4,86.9,27.2,188339.4683
LA,2019,4498600,0.588,0.319,0.052,0.017,0.005,N/A,0.019,51710,17.9,4.6,1.9,58.6,86,25,179519.2822
LA,2018,4519300,0.588,0.316,0.051,0.016,0.01,N/A,0.023,49970,19,4.8,1.9,58.8,85.8,24.3,173800.59
LA,2017,4541500,0.588,0.318,0.052,0.018,0.01,N/A,0.019,43900,21.4,5.1,2.4,58.8,85.1,23.8,171363.3701
LA,2016,4530500,0.594,0.318,0.049,0.017,0.01,N/A,0.017,42200,20.2,6.1,2.5,59.3,84.4,23.4,172156.1913
ME,2022,1348100,0.905,0.016,0.02,0.009,0.004,N/A,0.045,75160,9.6,2.9,1.3,59.1,94.6,36.1,358122.026
ME,2021,1336900,0.9,0.014,0.018,0.011,0.003,N/A,0.053,71140,9.1,4.7,2.3,60.4,94.5,36,311270.9749
ME,2020,0,0,0,0,0,0,0,0,63690,8,5.1,1.3,59.6,93.6,33.5,257755.1702
ME,2019,1302300,0.932,0.014,0.017,0.011,0.007,N/A,0.019,66550,10.4,2.9,1.1,62.4,93.2,33.2,236456.3762
ME,2018,1299500,0.934,0.013,0.015,0.013,<.01,N/A,0.021,58660,11.6,3.2,0.9,63,93,31.5,225420.5024
ME,2017,1300200,0.937,0.011,0.016,0.011,0.01,N/A,0.019,51660,12,3.4,1.2,63.6,92.3,32.1,211392.2435
ME,2016,1293800,0.936,0.015,0.015,0.012,0.01,N/A,0.016,50860,12.7,3.8,1.6,63.4,92.3,30.1,198263.7839
MD,2022,6011200,0.472,0.292,0.115,0.066,0.001,N/A,0.054,108200,8.6,3,1.7,64.8,91.4,43.8,396489.4444
MD,2021,5992100,0.481,0.286,0.111,0.068,0.001,0,0.052,97330,7.7,5.2,3.2,64.8,91.1,42.5,368780.6287
MD,2020,0,0,0,0,0,0,0,0,94790,9.4,6.5,1.7,66.5,91.1,43.1,329988.1588
MD,2019,5875500,0.499,0.296,0.106,0.064,0.002,N/A,0.032,95570,7,3.4,1.5,68.9,90.4,40.9,315086.4882
MD,2018,5870800,0.503,0.293,0.105,0.064,<.01,N/A,0.034,86220,8,3.8,1.9,67.8,90.5,40.8,304548.6894
MD,2017,5892900,0.507,0.292,0.102,0.065,<.01,<.01,0.031,81080,7.8,4,1.9,67.6,89.9,39.7,294184.6855
MD,2016,5856500,0.514,0.293,0.098,0.063,<.01,N/A,0.03,73760,7.1,4.3,2.1,66.9,90.1,39.3,283953.017
MA,2022,6757900,0.673,0.065,0.131,0.07,0.001,N/A,0.06,93550,9.6,3.7,1.9,65.2,91.3,46.6,556942.6519
MA,2021,6744100,0.677,0.061,0.129,0.069,0.001,N/A,0.063,86570,7.6,5.4,4,65.1,91.1,46.6,504870.5217
MA,2020,0,0,0,0,0,0,0,0,87810,8.4,9.4,2.1,65.3,91.3,46.9,443372.5791
MA,2019,6650800,0.705,0.07,0.124,0.067,0.002,<.01,0.032,87710,7.5,3,1.2,67.2,91.3,45,421752.5499
MA,2018,6659900,0.708,0.07,0.124,0.067,<.01,N/A,0.029,86350,8.7,3.5,1.6,67.1,90.8,44.5,410211.5293
MA,2017,6620600,0.717,0.069,0.119,0.064,<.01,N/A,0.029,73230,10.6,3.8,1.7,65.9,90.8,43.4,386046.5835
MA,2016,6570600,0.726,0.067,0.114,0.063,<.01,N/A,0.028,72270,9.6,4,2,65.3,90.4,42.7,361931.3072
MI,2022,9824500,0.729,0.129,0.057,0.033,0.003,0,0.05,68990,12.1,4.1,1.8,60.4,91.8,32.1,228016.4357
MI,2021,9841800,0.731,0.131,0.056,0.032,0.003,0,0.048,64490,11.7,5.8,3.4,59.4,92,31.7,206833.9654
MI,2020,0,0,0,0,0,0,0,0,64390,11.2,10.1,1.9,60.4,92,32.1,180294.8683
MI,2019,9765600,0.749,0.134,0.053,0.032,0.005,N/A,0.027,64120,10.2,4.1,1.3,61.9,91.4,30,169404.0894
MI,2018,9770000,0.75,0.135,0.052,0.032,<.01,N/A,0.026,60450,10.5,4.2,1.4,61.6,91.1,29.6,159393.1485
MI,2017,9720300,0.753,0.135,0.05,0.031,<.01,N/A,0.026,57700,12.7,4.6,1.6,61.4,90.9,29.1,147892.2069
MI,2016,9693500,0.756,0.135,0.049,0.029,<.01,N/A,0.027,57090,11.1,5,2,61.3,90.4,28.3,137536.6185
MN,2022,5600400,0.763,0.065,0.058,0.052,0.007,N/A,0.055,90390,7.6,2.5,1,68.2,94,39.1,325231.7254
MN,2021,5585100,0.769,0.067,0.058,0.05,0.006,N/A,0.049,80440,6.9,3.7,2.4,67.9,94.1,38.9,298790.6145
MN,2020,0,0,0,0,0,0,0,0,78750,8.5,6.3,1.3,69.7,93.8,37.9,266296.4713
MN,2019,5514800,0.791,0.064,0.056,0.049,0.009,N/A,0.03,81430,5.7,3.3,0.8,69.9,93.6,37.3,252044.0064
MN,2018,5489000,0.796,0.065,0.054,0.047,0.01,N/A,0.028,71820,7.9,3,0.8,69.6,93.4,36.7,239466.7637
MN,2017,5446600,0.8,0.064,0.052,0.048,0.01,N/A,0.026,71920,9.2,3.5,1,70.1,93.1,36.1,224271.1066
MN,2016,5392900,0.807,0.057,0.051,0.049,0.01,N/A,0.026,70220,8.7,3.9,1,70,92.9,34.8,209669.2919
MS,2022,2828900,0.557,0.364,0.032,0.009,0.004,N/A,0.035,48610,18.4,3.8,1.9,54.9,87.6,24.8,178507.9594
MS,2021,2850600,0.559,0.357,0.031,0.008,0.004,N/A,0.04,46640,17.4,5.5,2.9,55.1,86.5,24.8,162178.3372
MS,2020,0,0,0,0,0,0,0,0,45130,17.6,8,2.4,54.7,86.8,24.5,145332.868
MS,2019,2867100,0.566,0.376,0.03,0.01,0.004,N/A,0.014,44790,19.2,5.5,2.2,56.1,85.3,22.3,138591.2854
MS,2018,2879400,0.567,0.377,0.028,0.009,<.01,N/A,0.014,42780,19.6,5,2.1,55.6,85.4,23.2,133841.9373
MS,2017,2884500,0.569,0.377,0.028,0.01,<.01,N/A,0.012,43440,18.3,5.2,2.4,55.7,84.4,21.9,130735.2395
MS,2016,2887300,0.572,0.376,0.028,0.01,<.01,N/A,0.011,41100,21.1,6,2.6,55.7,84.1,21.8,128885.7741
MO,2022,5990000,0.769,0.104,0.047,0.021,0.002,0.001,0.056,71520,11.4,2.6,0.9,62.4,91.6,32.2,227423.0773
MO,2021,5987500,0.768,0.106,0.046,0.02,0.002,0.001,0.057,63590,12.3,4.1,2.2,62.5,91.6,31.7,201609.9262
MO,2020,0,0,0,0,0,0,0,0,62180,10.7,6.2,1.3,62.7,91.4,31.9,175660.4067
MO,2019,5939900,0.794,0.112,0.043,0.021,0.004,0.001,0.026,60600,9.4,3.3,0.9,63.9,90.7,30.2,164562.1624
MO,2018,5934500,0.795,0.113,0.041,0.02,<.01,<.01,0.026,61730,12.4,3.2,1.2,63.6,90.5,29.5,156695.0062
MO,2017,5921300,0.797,0.111,0.042,0.02,<.01,<.01,0.025,56890,11.1,3.7,1.5,63.9,89.7,29.1,148325.0918
MO,2016,5898000,0.798,0.113,0.04,0.019,<.01,<.01,0.024,55020,13,4.6,1.6,64.6,89.6,28.5,140590.5299
MT,2022,1093400,0.838,0.003,0.043,0.006,0.051,N/A,0.058,72970,10.4,2.7,0.7,62.9,94,34.6,442839.3558
MT,2021,1073800,0.838,0.004,0.043,0.007,0.055,N/A,0.054,65000,10.7,3.4,1.6,62.3,94.4,34.8,366372.4047
MT,2020,0,0,0,0,0,0,0,0,56740,10.9,5.8,1.2,63,94.4,34.6,294102.8299
MT,2019,1039400,0.861,0.006,0.037,0.008,0.061,N/A,0.028,60190,9.7,3.5,1,63.7,94.2,33.6,271932.391
MT,2018,1034000,0.861,<.01,0.039,0.007,0.058,N/A,0.031,57680,10.3,3.8,1.2,63.3,93.9,31.7,258121.642
MT,2017,1022600,0.865,<.01,0.036,0.01,0.059,N/A,0.029,59090,9.7,4.1,1.3,63.2,93,32.3,243461.5568
MT,2016,1015100,0.866,N/A,0.035,0.01,0.061,N/A,0.027,57080,11.7,4.3,1.5,63.3,92.8,31,232530.2487
NE,2022,1913700,0.759,0.042,0.123,0.023,0.005,N/A,0.047,78360,7.9,2.1,0.6,69.4,92.8,34.7,237003.4889
NE,2021,1907000,0.766,0.042,0.12,0.022,0.006,N/A,0.044,78110,8.1,2.6,1.2,69.3,92.2,34.4,213378.2959
NE,2020,0,0,0,0,0,0,0,0,72250,8.3,4.3,1.1,69.6,91.9,33.3,189029.5901
NE,2019,1873600,0.785,0.048,0.113,0.024,0.008,N/A,0.021,73070,8.7,3.1,0.8,70.3,92,33.2,177106.5192
NE,2018,1868900,0.787,0.044,0.111,0.023,0.01,N/A,0.029,67580,10.5,2.9,0.8,69.8,91.4,32.4,167798.9096
NE,2017,1859200,0.792,0.043,0.11,0.025,0.01,N/A,0.023,59620,10.4,3,1,69.4,91.3,31.7,157906.123
NE,2016,1845000,0.8,0.044,0.106,0.023,0.01,N/A,0.02,59370,9.6,3.1,1.2,69.9,90.9,31.4,149703.0432
NV,2022,3125400,0.444,0.09,0.303,0.09,0.005,0.006,0.063,72330,12,5.2,3,61.6,87.4,27,435313.5172
NV,2021,3090300,0.451,0.086,0.301,0.084,0.006,0.007,0.066,64340,12.8,6.8,5.9,60.2,87.2,27.6,362795.728
NV,2020,0,0,0,0,0,0,0,0,61160,12.9,13.7,2.7,61.3,87.2,28,311969.8337
NV,2019,3029700,0.478,0.092,0.293,0.085,0.009,0.006,0.037,70910,10.4,4.2,1.4,64.1,86.9,25.7,300435.9342
NV,2018,2983400,0.485,0.087,0.291,0.081,0.01,0.01,0.041,61860,13,4.4,1.5,63.4,86.9,24.9,280388.2248
NV,2017,2946600,0.489,0.087,0.289,0.084,0.01,0.01,0.035,56550,13.7,5,2,62.6,86.8,24.9,245969.1567
NV,2016,2890400,0.499,0.083,0.285,0.083,0.01,0.01,0.035,55430,10.1,5.8,2.6,62.1,86,23.5,224915.7323
NH,2022,1358400,0.867,0.014,0.045,0.026,0.001,N/A,0.047,84970,8.3,2.3,0.9,65.6,94.5,41.3,413106.1551
NH,2021,1346700,0.876,0.012,0.043,0.027,N/A,N/A,0.043,88840,6.9,3.4,1.9,65.6,94.4,40.2,359487.1514
NH,2020,0,0,0,0,0,0,0,0,88890,6.2,6.7,1.2,66.9,94.1,40.2,302814.1981
NH,2019,1314000,0.898,0.013,0.039,0.026,N/A,N/A,0.021,86900,3.7,2.6,0.8,68.9,93.3,37.6,281235.1858
NH,2018,1310300,0.902,0.011,0.038,0.028,N/A,N/A,0.018,81350,6.1,2.6,1,68.7,93.1,36.8,269097.569
NH,2017,1297000,0.906,0.013,0.036,0.027,<.01,N/A,0.016,74800,6.6,2.8,0.9,68.1,93.1,36.9,252063.5616
NH,2016,1291300,0.911,0.011,0.035,0.025,N/A,N/A,0.018,76260,6.4,2.9,1.1,68.6,92.8,36.6,237175.2769
NJ,2022,9091400,0.515,0.118,0.22,0.101,0.001,N/A,0.046,92340,8.7,3.9,2.5,64,90.7,43.5,457660.1945
NJ,2021,9085100,0.522,0.121,0.216,0.1,0.001,0,0.04,88560,7.6,6.7,4.8,62.9,91,43.1,414428.7519
NJ,2020,0,0,0,0,0,0,0,0,85550,8.2,9.5,2.6,62.8,90.9,43.1,364930.7064
NJ,2019,8699400,0.545,0.124,0.21,0.096,0.001,N/A,0.024,87730,6.3,3.5,1.7,63.8,90.3,41.2,345727.387
NJ,2018,8728300,0.547,0.126,0.208,0.097,<.01,N/A,0.021,74180,8.2,4,2.2,63,90.2,40.8,332596.9378
NJ,2017,8823900,0.55,0.125,0.205,0.098,<.01,N/A,0.021,73000,8.6,4.5,2.2,63.5,89.9,39.7,318909.7721
NJ,2016,8762700,0.557,0.125,0.2,0.095,<.01,N/A,0.022,68470,9.4,4.9,2.6,63.9,89.3,38.6,309041.9812
NM,2022,2057700,0.347,0.015,0.505,0.016,0.081,N/A,0.035,56420,20.2,4.1,2,56.5,88,30.5,277305.5958
NM,2021,2063100,0.348,0.016,0.503,0.014,0.081,N/A,0.037,53460,18,7.1,4,56.4,87.5,30.1,242685.7182
NM,2020,0,0,0,0,0,0,0,0,50910,16.6,7.9,2.5,56,87.8,30.1,210111.1314
NM,2019,2041400,0.367,0.017,0.495,0.016,0.087,N/A,0.018,53110,15.3,5,1.9,58.1,85.9,27.7,194755.4869
NM,2018,2045300,0.369,0.018,0.491,0.015,0.089,N/A,0.017,48280,16.6,4.9,2,57.8,85.4,27.7,184782.4697
NM,2017,2038200,0.373,0.016,0.49,0.013,0.09,N/A,0.018,47860,18.6,6,2.5,58.3,86.1,27.1,177941.8119
NM,2016,2029400,0.379,0.017,0.486,0.015,0.086,N/A,0.017,48450,17.8,6.8,2.6,58.4,85.4,27.2,173299.8775
NY,2022,19161800,0.53,0.133,0.197,0.09,0.002,0,0.048,75910,12.7,4.3,2.7,60.2,87.9,40,434463.1553
NY,2021,19309800,0.535,0.132,0.196,0.087,0.002,0,0.048,72920,12.5,7.1,5.2,59.5,88,39.9,398584.1832
NY,2020,0,0,0,0,0,0,0,0,68660,11.8,9.9,2.7,59,87.8,39.5,359584.6094
NY,2019,18908300,0.552,0.14,0.193,0.086,0.002,N/A,0.027,71850,12.5,3.9,1.7,60.7,87.6,37.8,342730.7553
NY,2018,19016900,0.553,0.141,0.193,0.085,<.01,N/A,0.026,67270,11.1,4.1,1.9,60.6,87.1,37.2,325516.8133
NY,2017,19315700,0.552,0.142,0.193,0.087,<.01,<.01,0.025,62450,13.4,4.6,2.1,60.8,86.6,36,305966.1925
NY,2016,19221500,0.556,0.142,0.191,0.085,<.01,<.01,0.025,61440,11.9,4.9,2.3,60.6,86.3,35.7,289577.4648
NC,2022,10340200,0.609,0.2,0.104,0.031,0.008,0.001,0.046,65070,14.2,3.7,1.5,61.2,90.2,35.9,305361.7385
NC,2021,10211700,0.611,0.197,0.101,0.031,0.009,0,0.05,62890,11.8,4.9,2.6,59.5,89.7,34.9,257268.9666
NC,2020,0,0,0,0,0,0,0,0,60430,13.8,7.3,1.7,58.9,90.3,34.8,218480.7064
NC,2019,10139700,0.627,0.209,0.097,0.029,0.011,<.01,0.026,61160,12.7,3.9,1.5,61.5,88.6,32.3,202930.8519
NC,2018,10044400,0.629,0.209,0.096,0.029,0.01,<.01,0.027,53370,13.1,4,1.5,61.2,88.2,31.9,191202.4868
NC,2017,9948800,0.631,0.21,0.094,0.028,0.011,<.01,0.026,50340,14.5,4.5,2,61.4,87.8,31.3,179093.9646
NC,2016,9829900,0.636,0.211,0.092,0.027,0.011,<.01,0.023,53760,13.6,5.1,2.4,61.2,87.3,30.4,169005.4652
ND,2022,744000,0.828,0.026,0.044,0.012,0.039,N/A,0.048,78720,9.7,2,0.6,69.1,93.9,31.8,254157.7343
ND,2021,741600,0.827,0.029,0.039,0.014,0.043,N/A,0.044,68880,8.5,3,1.5,68.5,93.6,31.7,237343.6645
ND,2020,0,0,0,0,0,0,0,0,64120,10.7,5,0.9,68.9,93.5,31.8,226657.0482
ND,2019,731000,0.841,0.024,0.04,0.014,0.052,N/A,0.026,70030,8.1,2.1,0.6,69.9,93.5,30.4,219687.756
ND,2018,730600,0.839,0.03,0.035,0.02,0.051,N/A,0.024,66510,9.7,2.4,0.7,69.8,92.3,29.7,217442.1735
ND,2017,726000,0.847,0.029,0.034,0.017,0.056,N/A,0.017,59890,11.3,2.6,0.8,70.7,92.9,30.7,221350.3624
ND,2016,725900,0.854,0.026,0.031,0.01,0.057,N/A,0.024,60180,11.1,3.1,0.9,70.9,92.4,29.6,224900.4795
OH,2022,11455600,0.763,0.118,0.044,0.025,0.001,0,0.049,67520,9.9,4,1.5,61.5,91.8,32,205121.0655
OH,2021,11455700,0.767,0.115,0.043,0.024,0.001,0.001,0.049,62690,11.6,5.2,2.4,61.4,91.7,30.7,185549.1061
OH,2020,0,0,0,0,0,0,0,0,60380,12.7,8.3,1.6,61.6,91.5,30.6,162606.8862
OH,2019,11351500,0.786,0.122,0.04,0.023,0.001,N/A,0.028,64660,12.4,4.2,1.2,63.3,90.8,29.3,151783.4084
OH,2018,11355900,0.788,0.121,0.038,0.023,<.01,N/A,0.028,61630,11.9,4.5,1.5,62.8,90.7,29,142975.0506
OH,2017,11323500,0.792,0.12,0.037,0.022,<.01,<.01,0.028,59770,12.7,5,2,63,90.3,28,134549.3079
OH,2016,11278700,0.796,0.121,0.036,0.02,<.01,<.01,0.026,53990,13.7,5.1,1.9,62.8,90,27.5,128274.7403
OK,2022,3881900,0.628,0.065,0.122,0.023,0.069,N/A,0.092,63440,16.9,3,1.3,61.7,89.6,28.5,189204.6648
OK,2021,3858600,0.629,0.065,0.119,0.023,0.069,0.001,0.093,60100,15.1,4,2,61.1,88.7,27.9,166334.8357
OK,2020,0,0,0,0,0,0,0,0,52470,15.5,6.3,1.3,60.8,89.2,27,146439.8712
OK,2019,3826900,0.65,0.069,0.111,0.021,0.077,0.001,0.071,59400,10.8,3.1,1.2,61.2,88.4,26.2,136523.4446
OK,2018,3816100,0.653,0.07,0.109,0.021,0.076,<.01,0.072,54430,13.4,3.3,1.3,61.1,88.4,25.6,130984.7924
OK,2017,3803700,0.659,0.069,0.105,0.021,0.074,<.01,0.071,55010,12.6,4,1.7,61.2,88.1,25.5,126374.7562
OK,2016,3800800,0.663,0.069,0.103,0.019,0.072,<.01,0.072,50940,14.6,4.7,1.8,61.1,87.8,25.2,123018.3421
OR,2022,4159500,0.718,0.017,0.144,0.045,0.007,0.004,0.065,86780,9.9,3.9,1.6,62.5,91.6,36.3,496733.323
OR,2021,4163500,0.721,0.018,0.14,0.045,0.007,0.004,0.065,81850,9.2,5.2,3.2,62.1,91.9,36.3,444419.1905
OR,2020,0,0,0,0,0,0,0,0,76850,9.4,7.6,1.7,61.4,91.9,36.3,379437.8773
OR,2019,4128900,0.75,0.018,0.134,0.047,0.009,0.003,0.04,74410,8.1,3.7,1.3,61.5,91.4,34.5,357568.7182
OR,2018,4110800,0.752,0.018,0.133,0.046,0.01,<.01,0.038,69170,9.7,4,1.3,61.8,90.5,34,344125.2532
OR,2017,4063000,0.758,0.017,0.13,0.045,0.01,<.01,0.038,64610,10.2,4.1,1.4,62.4,91,33.7,321815.2337
OR,2016,4014500,0.763,0.017,0.127,0.042,0.01,<.01,0.037,59140,11.8,4.8,1.6,62.3,90.3,32.7,293495.9521
PA,2022,12544400,0.733,0.098,0.087,0.037,0.001,N/A,0.045,72210,10.9,4.1,2,61.8,92.2,35.1,247174.4106
PA,2021,12564000,0.739,0.097,0.084,0.037,0.001,N/A,0.043,72630,10.8,5.9,3.8,61.5,91.9,34.5,226270.9846
PA,2020,0,0,0,0,0,0,0,0,70790,10.7,8.9,2.4,62.3,91.6,34,200400.766
PA,2019,12377600,0.76,0.104,0.078,0.035,0.001,<.01,0.023,70580,8.7,4.3,1.5,63.2,91,32.3,187792.248
PA,2018,12388100,0.763,0.103,0.076,0.035,<.01,N/A,0.022,64520,11.8,4.4,1.7,62.7,91,31.8,180184.7427
PA,2017,12389100,0.767,0.105,0.073,0.034,<.01,N/A,0.02,63170,11.2,5,2.1,62.6,90.6,31.4,171916.2274
PA,2016,12364700,0.773,0.103,0.07,0.033,<.01,<.01,0.02,60980,11.1,5.3,2.1,63.1,90.1,30.8,165788.6943
RI,2022,1048800,0.68,0.045,0.179,0.032,N/A,N/A,0.062,80650,8.4,6,1.7,63.7,90.5,39.6,407270.5413
RI,2021,1050300,0.689,0.043,0.174,0.03,0.002,N/A,0.06,74980,9.4,8,3.7,63.8,89.1,36.5,363368.6169
RI,2020,0,0,0,0,0,0,0,0,80170,8.5,8.8,2.1,63.7,90.1,38,312834.2895
RI,2019,1017100,0.705,0.059,0.166,0.033,0.002,N/A,0.033,70150,9.2,8.3,1.5,64.4,89.3,34.8,293561.8576
RI,2018,1014000,0.715,0.056,0.16,0.034,N/A,N/A,0.031,62270,8.9,9.2,1.7,64.5,89.1,34.4,283383.7206
RI,2017,1015900,0.722,0.054,0.155,0.035,<.01,N/A,0.03,66390,12.2,10.9,2,64.4,88.3,33.5,264991.8665
RI,2016,1013900,0.728,0.056,0.151,0.033,<.01,N/A,0.028,61530,11.4,11.8,2.6,64.5,88.5,34.1,246941.0804
SC,2022,5117400,0.628,0.247,0.064,0.017,0.002,N/A,0.041,61770,12.9,3.2,1.5,57.1,90.5,32.6,274216.2739
SC,2021,5040600,0.628,0.247,0.063,0.016,0.002,N/A,0.043,62540,13.7,5.5,2.2,57.5,89.6,31.5,232083.0341
SC,2020,0,0,0,0,0,0,0,0,60340,13.4,9.2,1.4,57.7,89.4,31.7,201628.277
SC,2019,4984200,0.637,0.262,0.057,0.017,0.003,N/A,0.022,62030,15.1,3.5,1.2,58.3,88.3,29.6,188719.9964
SC,2018,4929800,0.638,0.263,0.058,0.016,<.01,N/A,0.022,57440,12.8,4,1.6,57.8,88.4,28.3,179330.0578
SC,2017,4864600,0.64,0.267,0.056,0.015,<.01,N/A,0.02,54970,15.6,4.5,1.8,58,87.4,28,169454.5192
SC,2016,4805300,0.64,0.267,0.055,0.015,<.01,N/A,0.021,54340,14.1,5.2,2.3,58.8,86.6,27.2,161701.4455
SD,2022,873400,0.801,0.019,0.046,0.014,0.072,N/A,0.045,67180,9.1,3.2,0.5,68.4,93.2,31.6,290866.7045
SD,2021,863800,0.802,0.02,0.04,0.015,0.076,N/A,0.045,73890,8.4,3.9,1.1,68.8,93.1,31.7,251845.9953
SD,2020,0,0,0,0,0,0,0,0,70190,11.6,6,1.3,68.9,92.2,28.4,221331.476
SD,2019,851300,0.819,0.022,0.037,0.013,0.084,N/A,0.024,64260,10.6,2.8,1,69.4,92.1,29.7,208272.3938
SD,2018,848700,0.816,0.022,0.038,0.013,0.086,N/A,0.025,59460,10.6,3.4,1,69.2,92.3,29.2,198422.3604
SD,2017,837000,0.825,0.021,0.036,0.013,0.084,N/A,0.022,56890,10.4,4.2,1,69.1,91.7,28.1,189437.6255
SD,2016,835800,0.827,0.013,0.037,0.015,0.087,N/A,0.02,57450,14.5,4.9,0.8,69.5,91.2,28.9,181737.2332
TN,2022,6875900,0.721,0.152,0.063,0.019,0.001,0.001,0.044,65380,10.5,2,1.3,60.4,90.4,31.1,297733.91
TN,2021,6796100,0.723,0.151,0.06,0.017,0.001,N/A,0.048,62170,10.6,2.6,2.4,60.5,89.7,30.5,249966.9271
TN,2020,0,0,0,0,0,0,0,0,54970,13.1,4.2,1.6,60.5,89.7,30.7,214528.5328
TN,2019,6640900,0.736,0.164,0.057,0.018,0.003,N/A,0.022,56630,13.1,2.8,1,61.9,88,28.7,197744.8719
TN,2018,6586400,0.738,0.165,0.055,0.017,<.01,N/A,0.022,56060,12,2.8,1,61,87.8,27.5,184810.4038
TN,2017,6538200,0.741,0.164,0.054,0.018,<.01,N/A,0.021,55240,11.5,3.1,1.5,60.5,87.8,27.3,172208.9585
TN,2016,6467700,0.744,0.164,0.052,0.018,<.01,N/A,0.019,51340,14.9,3,1.9,60.2,87,26.1,160104.0511
TX,2022,29322500,0.389,0.115,0.405,0.054,0.001,0.001,0.036,74640,13.5,3.4,1.6,64.1,86.1,33.9,298431.8276
TX,2021,28845300,0.393,0.114,0.404,0.052,0.002,0.001,0.035,67400,13.5,4.5,3.2,63.6,85.4,33.1,253290.688
TX,2020,0,0,0,0,0,0,0,0,68400,14,7.5,1.7,63,85.8,33.2,220966.253
TX,2019,28286200,0.411,0.117,0.4,0.05,0.003,0.001,0.019,67440,11.1,3.3,1.1,64,84.6,30.8,209784.662
TX,2018,28024000,0.414,0.116,0.398,0.05,<.01,<.01,0.019,59790,13.7,3.5,1.4,63.9,84,30.3,200646.5253
TX,2017,27621300,0.419,0.116,0.397,0.048,<.01,<.01,0.018,59300,13.4,3.8,1.7,63.8,83.6,29.6,188880.9498
TX,2016,27178300,0.425,0.115,0.393,0.047,<.01,<.01,0.018,58150,13.8,4.8,1.7,63.9,82.9,28.9,177245.5816
UT,2022,3321500,0.756,0.01,0.152,0.026,0.007,0.011,0.039,95800,6,3.9,0.6,68.8,93,37.9,527624.7927
UT,2021,3281800,0.76,0.01,0.147,0.025,0.006,0.008,0.044,87650,7.9,5.6,1.2,68,93.2,36.8,450383.8708
UT,2020,0,0,0,0,0,0,0,0,83990,7.4,7.7,0.8,68,94,36.9,366694.0076
UT,2019,3154100,0.778,0.01,0.144,0.023,0.01,0.008,0.027,84520,7.3,3.5,0.7,68.5,93,34.8,336610.8071
UT,2018,3105900,0.78,0.012,0.141,0.023,0.01,0.01,0.026,77070,6.9,3.9,0.7,68.5,92.4,34.9,312339.5735
UT,2017,3047400,0.785,0.011,0.14,0.024,0.01,0.01,0.023,71320,8.6,4.3,1.1,68.8,92.1,34.6,285466.6319
UT,2016,2999300,0.788,0.01,0.138,0.024,0.01,0.01,0.024,67480,8.6,4.7,1.2,68.4,91.7,32.6,262777.5188
VT,2022,624300,0.904,0.008,0.022,0.015,N/A,N/A,0.049,72190,9,2.4,1,63.6,95,44.2,363019.3169
VT,2021,619700,0.906,0.011,0.02,0.018,N/A,N/A,0.044,76080,7.5,2.8,2.1,62.4,94.5,44.4,320137.2335
VT,2020,0,0,0,0,0,0,0,0,67260,8.6,4.8,1,63.6,94.2,42.1,277080.2746
VT,2019,598100,0.928,0.011,0.018,0.016,0.007,N/A,0.02,74310,8.6,2.5,0.5,66.4,93.1,38.7,262325.7031
VT,2018,600600,0.929,0.011,0.018,0.019,<.01,N/A,0.019,70070,9.7,2.9,0.9,67,93.5,38.7,255729.6967
VT,2017,600200,0.931,0.012,0.017,0.017,N/A,N/A,0.02,63810,10.2,3.2,1,67.3,92.6,38.3,245043.4988
VT,2016,599600,0.935,0.01,0.019,0.011,0.01,N/A,0.023,60840,9.6,3.4,0.9,67.1,92.1,36.4,234555.1117
VA,2022,8332800,0.589,0.182,0.104,0.07,0.001,0.001,0.054,85170,8.3,2.3,1.1,65,91.5,42.2,355529.9821
VA,2021,8305000,0.595,0.177,0.102,0.068,0.002,0.001,0.056,80270,9.8,3.6,2.5,63.6,91.4,41.8,323129.4257
VA,2020,0,0,0,0,0,0,0,0,82210,7.8,5.7,1.5,64.2,91.4,42,287445.5725
VA,2019,8185100,0.613,0.189,0.096,0.067,0.002,<.01,0.033,81310,8.8,2.1,1,65.8,90,39.6,271844.5169
VA,2018,8182100,0.615,0.186,0.095,0.066,<.01,<.01,0.036,77150,9.8,2.5,1,65.3,89.9,39.3,262096.8427
VA,2017,8140700,0.619,0.185,0.093,0.066,<.01,<.01,0.035,71290,10.3,3,1.5,65.7,89.7,38.7,252704.6926
VA,2016,8080900,0.623,0.185,0.091,0.064,<.01,<.01,0.034,66450,11.4,3.1,1.7,65,89.3,38.1,244112.756
WA,2022,7602300,0.636,0.038,0.14,0.098,0.009,0.006,0.073,89430,9,2.8,1.8,64,92.2,39.5,581736.2384
WA,2021,7552200,0.646,0.037,0.136,0.094,0.007,0.006,0.073,87650,7.7,3.9,3,63,92.3,39,511119.2962
WA,2020,0,0,0,0,0,0,0,0,81360,8.2,6.5,2,63.7,92.1,38.4,429989.6745
WA,2019,7423900,0.675,0.038,0.13,0.089,0.011,0.006,0.05,82450,7,2.8,1.4,65.7,91.7,37,395550.8636
WA,2018,7368000,0.679,0.037,0.129,0.088,0.011,0.01,0.05,79730,8.6,3,1.7,64.2,91.6,36.7,375950.1166
WA,2017,7239800,0.687,0.034,0.127,0.085,0.01,0.01,0.051,75420,9.9,3.7,1.7,63.7,91.3,35.5,340521.3649
WA,2016,7124100,0.695,0.034,0.124,0.081,0.011,0.01,0.049,70310,11,4,2,63.7,90.8,35.1,306855.0345
WV,2022,1718800,0.904,0.029,0.019,0.007,N/A,N/A,0.04,52460,15.5,4.1,1.7,54.4,89.1,24.8,152622.346
WV,2021,1733000,0.906,0.025,0.017,0.008,N/A,N/A,0.043,46840,16.9,5.2,3,53.8,88.8,24.1,140478.1797
WV,2020,0,0,0,0,0,0,0,0,51970,14.2,8.5,2.4,53.8,89.1,23.1,123764.9317
WV,2019,1739000,0.925,0.032,0.014,0.008,0.002,N/A,0.018,53710,13.9,4.2,1.8,54.7,87.1,21.1,118521.2225
WV,2018,1752300,0.925,0.036,0.013,0.008,<.01,N/A,0.018,50570,15.9,4.4,2,54.4,87.8,21.3,115875.9069
WV,2017,1762100,0.926,0.037,0.012,0.01,<.01,N/A,0.016,45390,17.3,4.6,2.4,53.5,87.1,20.2,112069.1212
WV,2016,1781700,0.924,0.034,0.014,0.01,<.01,N/A,0.019,44350,18,5.2,2.8,53.3,86,20.8,111124.9657
WI,2022,5757500,0.791,0.057,0.076,0.029,0.006,N/A,0.041,73330,6.6,3.9,1.1,65.5,93.5,33.2,271266.0682
WI,2021,5754400,0.793,0.058,0.075,0.03,0.005,N/A,0.039,69940,9.3,5.2,2.2,66.1,93.3,32.5,247049.3372
WI,2020,0,0,0,0,0,0,0,0,67410,8,8.3,1.4,66.1,93.1,31.8,218548.4436
WI,2019,5677100,0.811,0.062,0.071,0.03,0.007,N/A,0.02,67350,8.4,4.9,0.9,66.8,92.8,31.3,204646.6924
WI,2018,5662800,0.812,0.062,0.07,0.028,0.01,<.01,0.021,62630,8.6,5.2,1,67.3,92.1,30,192541.3011
WI,2017,5643000,0.815,0.058,0.068,0.03,0.01,N/A,0.021,63450,9.5,5.2,1.2,68,92.4,30.4,181046.323
WI,2016,5623300,0.819,0.06,0.067,0.027,0.01,N/A,0.019,59820,10.7,6.1,1.7,68.1,91.9,29.5,171104.8284
WY,2022,565300,0.819,0.007,0.109,0.006,0.016,N/A,0.043,73090,7.1,2.9,1.4,64,93.7,29.6,326797.5156
WY,2021,563500,0.813,0.009,0.106,0.007,0.017,N/A,0.048,71050,9.4,3.9,2,63.7,93.6,29.2,295169.9944
WY,2020,0,0,0,0,0,0,0,0,65450,9.7,6.5,1.6,65.3,93.8,28.2,268151.0379
WY,2019,562700,0.838,0.01,0.101,0.006,0.022,N/A,0.021,65130,9.2,3.2,0.9,65.7,94.5,29.1,251972.9787
WY,2018,560300,0.842,0.005,0.1,0.011,0.023,N/A,0.02,62540,9.5,3,1.1,65.6,93.3,26.9,241117.5729
WY,2017,563300,0.842,0.01,0.1,0.01,0.022,N/A,0.02,57840,12.4,3.3,1.6,65.9,92.9,27.6,237261.1127
WY,2016,569400,0.847,0.01,0.096,0.01,0.023,N/A,0.018,57830,10.9,3.9,1.6,66.6,93.2,27.1,236396.9848
