state,year,total_pop,white_pop,black_pop,hispanic_pop,asian_pop,native_pop,islander_pop,multi_race_pop,median_income,poverty_rate,unemployment_rate,unemployed_15_weeks,labor_force_participation_rate,hs_grad_rate,bachelors_grad_rate,zhvi,crude_rate_suicide,crude_rate_od,crimes_against_society,fraud_and_other_financial_crimes,property_crime,violent_crime,youth_not_in_school,youth_in_foster_care,youth_living_in_poverty,total_crime_count,log_total_crime_count
AL,2022,4916000,0.645,0.252,0.048,0.014,0.002,0.0,0.039,59910,0.136,0.025,0.012,0.57,0.888,0.288,217335.1989,11.9,12.5,4804.0,913.5,6430.5,7584.5,73000.0,819.25,240000.0,19732.5,9.890072978114269
AL,2021,4900800,0.644,0.255,0.047,0.013,0.004,0.0,0.037,56930,0.159,0.034,0.02,0.5660000000000001,0.879,0.2739999999999999,193148.7979,14.2,14.6,3236.5,618.0,5552.0,5527.5,86000.0,819.25,245000.0,14934.0,9.61146273065021
AL,2020,4833950,0.649,0.26,0.0455,0.0135,0.004,0.0,0.0279999999999999,54690,0.149,0.064,0.0139999999999999,0.5720000000000001,0.88,0.278,169855.5743,15.2,12.8,327.0,45.0,325.0,419.5,82000.0,819.25,249833.33333333337,1116.5,7.018849326487724
AL,2019,4767100,0.654,0.265,0.044,0.014,0.004,0.0,0.019,56200,0.129,0.032,0.0139999999999999,0.5770000000000001,0.871,0.263,157202.1806,14.8,8.3,94.0,30.5,171.0,108.5,74000.0,800.0,228000.0,404.0,6.003887067106539
AL,2018,4752600,0.656,0.265,0.043,0.013,0.01,0.0,0.019,49940,0.16,0.039,0.016,0.573,0.866,0.255,148927.5094,17.0,6.7,33.0,15.5,37.0,52.5,86000.0,829.0,255000.0,138.0,4.9344739331306915
AL,2017,4741400,0.658,0.266,0.041,0.013,0.01,0.0,0.017,51110,0.15,0.045,0.022,0.5670000000000001,0.865,0.255,143217.6293,14.3,10.2,165.0,13.5,58.5,95.5,88000.0,813.0,265000.0,332.5,5.809642865355678
AL,2016,4730100,0.66,0.265,0.041,0.012,0.01,0.0,0.017,47220,0.162,0.059,0.026,0.565,0.851,0.247,139181.9175,14.1,9.5,99.0,21.0,79.5,117.0,85000.0,835.0,266000.0,316.5,5.760477818332746
AK,2022,698600,0.577,0.028,0.073,0.061,0.128,0.016,0.116,89740,0.096,0.042,0.017,0.648,0.933,0.306,354599.5176,44.2,18.5,156.5,37.5,422.0,648.0,13000.0,211.5,24000.0,1264.0,7.142827401161621
AK,2021,698700,0.579,0.026,0.067,0.07,0.138,0.015,0.105,81130,0.114,0.064,0.034,0.645,0.933,0.3279999999999999,331952.2319,61.6,26.1,164.5,38.5,424.5,651.0,15000.0,211.5,22000.0,1278.5,7.154224655599844
AZ,2022,7189700,0.518,0.043,0.325,0.035,0.033,0.001,0.044,73450,0.127,0.038,0.0139999999999999,0.615,0.892,0.33,438658.733,19.1,20.0,3570.0,374.0,4077.0,5275.5,108000.0,1627.5,247000.0,13296.5,9.495331326616473
AZ,2021,7107300,0.521,0.041,0.324,0.033,0.033,0.002,0.047,70820,0.126,0.051,0.031,0.613,0.89,0.324,363213.0556,20.0,30.9,2703.5,295.5,3243.5,4018.5,105000.0,1627.5,275000.0,10261.0,9.23620303150191
AZ,2020,7102650,0.5315000000000001,0.0419999999999999,0.321,0.033,0.036,0.002,0.0355,67090,0.109,0.078,0.018,0.614,0.8909999999999999,0.33,293697.0823,19.0,37.6,1966.0,132.5,1609.0,1675.0,109666.66666666669,1627.5,311000.0,5382.5,8.591093999255772
AZ,2019,7098000,0.542,0.043,0.318,0.033,0.039,0.002,0.024,70670,0.099,0.048,0.016,0.62,0.8759999999999999,0.302,267616.8857,15.7,27.2,692.0,49.5,621.5,500.5,106000.0,1496.0,308000.0,1863.5,7.530748199618875
AZ,2018,7004300,0.545,0.042,0.316,0.032,0.039,0.01,0.024,62280,0.128,0.048,0.017,0.612,0.875,0.297,250544.9546,20.2,21.8,693.5,51.5,613.0,495.5,116000.0,1570.0,325000.0,1853.5,7.525370396929645
AZ,2017,6841300,0.55,0.04,0.313,0.032,0.038,0.01,0.025,61130,0.132,0.05,0.018,0.606,0.872,0.294,232765.8344,17.1,15.1,839.5,71.0,687.0,470.0,109000.0,1659.0,332000.0,2067.5,7.634578985901467
AZ,2016,6760900,0.555,0.04,0.309,0.032,0.04,0.01,0.023,57100,0.161,0.055,0.019,0.604,0.867,0.289,217921.8948,16.0,15.0,707.5,48.5,657.5,449.5,114000.0,1785.0,379000.0,1863.0,7.530479995245536
AR,2022,2952900,0.677,0.141,0.085,0.015,0.004,0.004,0.074,53980,0.166,0.032,0.013,0.573,0.8909999999999999,0.254,194822.9277,14.2,10.6,3028.0,525.5,4961.0,5918.5,58000.0,458.25,151000.0,14433.0,9.577341813632218
AR,2021,2936400,0.683,0.144,0.083,0.014,0.004,0.004,0.068,50780,0.168,0.04,0.022,0.565,0.887,0.253,174401.6205,16.7,9.7,3231.5,528.5,5140.5,6092.0,56000.0,458.25,155000.0,14992.5,9.615372052834992
AR,2020,2929450,0.702,0.148,0.0805,0.015,0.005,0.004,0.046,50780,0.141,0.062,0.0139999999999999,0.573,0.882,0.249,154522.835,19.6,10.5,3316.0,674.0,5676.5,5844.5,54166.666666666664,458.25,158166.66666666666,15511.0,9.649369196922487
AR,2019,2922500,0.721,0.152,0.078,0.016,0.006,0.004,0.024,54540,0.141,0.035,0.01,0.581,0.875,0.233,145709.227,21.9,8.0,3891.5,651.5,6111.5,6095.5,46000.0,456.0,151000.0,16750.0,9.726213236963687
AR,2018,2921300,0.722,0.15,0.077,0.015,0.01,0.01,0.027,49780,0.159,0.037,0.012,0.579,0.872,0.233,140198.8967,16.3,9.8,4364.5,774.5,6633.0,6266.0,54000.0,470.0,171000.0,18038.0,9.800291359707678
AR,2017,2910000,0.725,0.149,0.076,0.017,0.01,0.01,0.027,48830,0.148,0.037,0.013,0.583,0.867,0.2339999999999999,135134.5919,22.4,9.7,4344.0,738.5,6675.0,6077.0,54000.0,442.0,156000.0,17834.5,9.788946132163131
AR,2016,2895400,0.73,0.153,0.073,0.014,0.01,0.01,0.022,45910,0.16,0.04,0.017,0.581,0.86,0.2239999999999999,130786.0634,15.4,7.5,4194.0,766.5,7489.5,6591.0,57000.0,465.0,165000.0,19041.0,9.854402344845637
CA,2022,38187000,0.337,0.051,0.404,0.153,0.002,0.003,0.049,85300,0.1119999999999999,0.043,0.024,0.618,0.847,0.37,738501.98,8.8,14.9,7533.5,1477.5,9840.0,15624.0,522000.0,9572.5,1278000.0,34475.0,10.44801870876729
CA,2021,38379200,0.342,0.051,0.403,0.151,0.002,0.003,0.047,81580,0.119,0.073,0.049,0.611,0.8440000000000001,0.362,650386.5632,9.9,18.9,4167.5,711.5,5009.0,8124.0,570000.0,9572.5,1363000.0,18012.0,9.798848998423558
CO,2022,5695100,0.65,0.036,0.226,0.031,0.004,0.001,0.052,89930,0.081,0.031,0.013,0.682,0.93,0.4589999999999999,546611.9753,19.2,20.4,3358.0,938.5,7760.5,6710.0,60000.0,1472.0,133000.0,18767.0,9.839908570893256
CO,2021,5664200,0.653,0.036,0.222,0.031,0.003,0.002,0.053,84950,0.079,0.055,0.0289999999999999,0.6809999999999999,0.924,0.444,475613.7751,24.6,25.3,3029.0,978.5,7654.0,6729.5,73000.0,1472.0,145000.0,18391.0,9.819671066443018
CO,2020,5638000,0.6655,0.037,0.22,0.0315,0.004,0.0015,0.0405,83780,0.095,0.068,0.0139999999999999,0.6729999999999999,0.927,0.442,411694.4001,26.4,22.6,3065.5,1069.0,8042.5,6046.0,63500.0,1472.0,146166.66666666666,18223.0,9.810494685686963
CO,2019,5611800,0.678,0.038,0.218,0.032,0.005,0.001,0.028,72500,0.093,0.027,0.01,0.687,0.924,0.427,389875.7836,25.0,12.9,4321.5,1343.0,8597.0,6218.5,58000.0,1305.0,135000.0,20480.0,9.92725290608639
CO,2018,5555200,0.68,0.038,0.216,0.032,0.01,0.01,0.028,73030,0.091,0.031,0.01,0.6859999999999999,0.919,0.417,371962.9629,24.4,10.9,5254.0,1352.5,9441.5,6711.5,61000.0,1467.0,149000.0,22759.5,10.03278185636452
CO,2017,5461100,0.683,0.038,0.216,0.031,0.01,0.01,0.026,74170,0.077,0.026,0.01,0.677,0.916,0.412,346114.1716,23.0,12.1,5516.0,1412.5,10122.5,6547.5,59000.0,1522.0,149000.0,23598.5,10.068980804348588
CO,2016,5398100,0.687,0.039,0.213,0.031,0.01,0.01,0.025,70570,0.085,0.031,0.0139999999999999,0.669,0.914,0.3989999999999999,317127.9619,22.5,11.7,5661.0,1463.5,11249.5,6332.0,70000.0,1594.0,166000.0,24706.0,10.11484188327536
CT,2022,3506600,0.62,0.097,0.183,0.047,0.001,0.0,0.052,90730,0.102,0.0409999999999999,0.021,0.652,0.915,0.419,342689.2251,7.5,9.0,786.0,152.5,1629.5,2711.5,42000.0,981.0,90000.0,5279.5,8.571776069186528
CT,2021,3501500,0.628,0.097,0.178,0.047,0.001,0.0,0.049,80960,0.08,0.064,0.0409999999999999,0.631,0.911,0.421,307588.2668,11.0,15.0,908.5,146.5,1664.5,2700.0,38000.0,981.0,92000.0,5419.5,8.597943341101347
CT,2020,3477400,0.6425000000000001,0.0985,0.1735,0.0465,0.0015,0.0,0.0375,79430,0.1119999999999999,0.08,0.023,0.645,0.916,0.424,267623.1647,6.1,17.3,1028.5,163.0,1791.0,2403.0,39333.333333333336,981.0,95666.66666666669,5385.5,8.591651102334247
CT,2019,3453300,0.657,0.1,0.169,0.046,0.002,0.0,0.026,87290,0.083,0.036,0.018,0.6629999999999999,0.907,0.3979999999999999,256126.0858,9.4,14.2,1710.0,252.0,2211.0,2800.5,36000.0,909.0,101000.0,6973.5,8.85001591953229
CT,2018,3466300,0.663,0.099,0.166,0.047,0.01,0.0,0.024,72810,0.102,0.039,0.022,0.6609999999999999,0.909,0.396,252882.7736,8.2,15.3,1818.5,252.5,2299.5,2777.0,39000.0,931.0,102000.0,7147.5,8.874657823469219
CT,2017,3478700,0.667,0.097,0.163,0.045,0.01,0.0,0.027,72780,0.109,0.044,0.021,0.6629999999999999,0.904,0.387,247159.3384,10.5,18.7,1968.5,260.5,2567.5,2716.5,43000.0,1025.0,93000.0,7513.0,8.924523226133914
CT,2016,3465100,0.676,0.098,0.158,0.045,0.01,0.0,0.022,75920,0.098,0.049,0.026,0.659,0.905,0.386,241427.0393,6.9,13.9,2147.5,298.5,2753.5,2851.5,38000.0,1059.0,96000.0,8051.0,8.993675786759683
DE,2022,990700,0.59,0.211,0.103,0.041,0.001,0.0,0.054,80750,0.093,0.042,0.023,0.607,0.92,0.365,359641.9998,8.8,18.5,1232.0,291.0,1510.5,1751.5,9000.0,142.0,26000.0,4785.0,8.47345026846832
DE,2021,974100,0.595,0.203,0.102,0.041,0.0,0.0,0.057,68690,0.1169999999999999,0.055,0.032,0.613,0.914,0.356,322658.1464,20.7,13.3,1173.5,269.0,1515.0,1733.5,8000.0,142.0,35000.0,4691.0,8.453614209773367
DE,2020,957200,0.6045,0.2105,0.0995,0.04,0.0,0.0,0.0425,70020,0.105,0.075,0.021,0.614,0.91,0.347,281167.5744,10.2,18.6,1400.0,268.5,1785.0,1737.0,11333.333333333334,142.0,33666.666666666664,5190.5,8.554777951743509
DE,2019,940300,0.614,0.218,0.097,0.039,0.003,0.0,0.028,74190,0.065,0.036,0.0139999999999999,0.621,0.903,0.332,271369.2211,0.0,19.6,2250.0,379.5,1990.0,2046.5,11000.0,133.0,32000.0,6666.0,8.80492526261806
DE,2018,937700,0.621,0.213,0.095,0.042,0.01,0.0,0.025,65010,0.074,0.037,0.015,0.621,0.898,0.313,263962.1268,17.7,13.5,2131.0,432.5,2072.0,2042.0,12000.0,155.0,37000.0,6677.5,8.80664869041716
DE,2017,931700,0.626,0.212,0.092,0.04,0.0,0.0,0.027,62320,0.092,0.045,0.02,0.622,0.906,0.315,257027.958,11.6,25.0,2210.5,565.5,2262.5,2239.5,13000.0,153.0,37000.0,7278.0,8.892748769118258
DE,2016,924300,0.63,0.207,0.092,0.04,0.01,0.0,0.027,58050,0.1159999999999999,0.045,0.022,0.622,0.893,0.31,246807.4383,9.9,18.2,2215.0,623.0,2798.0,2377.5,15000.0,127.0,35000.0,8013.5,8.989007680065935
DC,2022,638600,0.363,0.422,0.119,0.039,0.0,0.0,0.055,101700,0.134,0.048,0.031,0.7090000000000001,0.937,0.654,641893.9153,0.0,15.4,677.0,55.5,1176.0,2137.0,5000.0,131.25,21000.0,4045.5,8.305607588935757
DC,2021,633400,0.359,0.431,0.115,0.038,0.0,0.0,0.055,90640,0.14,0.069,0.04,0.6920000000000001,0.928,0.63,629874.4722,0.0,16.0,241.0,28.0,482.0,982.0,11000.0,131.25,29000.0,1733.0,7.458186157340487
DC,2020,652350,0.363,0.4405,0.1135,0.0375,0.0,0.0,0.043,88220,0.168,0.079,0.031,0.6970000000000001,0.938,0.636,595207.3612,0.0,12.6,62.5,1.5,90.5,214.0,10166.666666666666,131.25,27666.666666666668,368.5,5.912150740388256
DC,2019,671300,0.367,0.45,0.112,0.037,0.003,0.0,0.031,93110,0.125,0.055,0.032,0.7120000000000001,0.919,0.597,570990.8234,0.0,14.666666666666666,161.0,1.5,198.5,484.0,12000.0,109.0,24000.0,845.0,6.740519359606223
DC,2018,667900,0.367,0.449,0.113,0.036,0.0,0.0,0.034,85750,0.147,0.057,0.031,0.7040000000000001,0.921,0.604,555379.0998,0.0,14.666666666666666,94.5,3.0,155.5,362.5,9000.0,122.0,29000.0,615.5,6.424058322604399
DC,2017,657600,0.36,0.459,0.11,0.041,0.01,0.0,0.028,83380,0.136,0.061,0.035,0.705,0.902,0.573,527460.6647,0.0,14.666666666666666,91.0,5.0,166.0,387.0,11000.0,139.0,32000.0,649.0,6.476972362889683
DC,2016,644400,0.359,0.468,0.111,0.037,0.0,0.0,0.023,70980,0.163,0.062,0.039,0.6990000000000001,0.905,0.568,506381.6645,0.0,14.666666666666666,106.5,5.5,193.5,409.5,13000.0,155.0,31000.0,715.0,6.573680166960646
FL,2022,21693500,0.508,0.144,0.273,0.028,0.001,0.0,0.046,65370,0.135,0.03,0.0139999999999999,0.591,0.899,0.3429999999999999,371953.6143,11.9,12.9,4033.5,910.0,5787.0,9149.5,268000.0,2141.25,723000.0,19880.0,9.897519780756337
FL,2021,21304700,0.512,0.144,0.27,0.028,0.001,0.0,0.046,59730,0.126,0.047,0.031,0.5820000000000001,0.898,0.332,297663.9865,12.9,15.3,1846.0,428.5,2359.5,4267.5,267000.0,2141.25,753000.0,8901.5,9.094087415151932
GA,2022,10609800,0.498,0.306,0.104,0.044,0.001,0.001,0.047,67730,0.1169999999999999,0.031,0.015,0.615,0.895,0.347,306191.9454,15.0,13.3,7455.0,1954.5,9652.0,11932.5,162000.0,1370.0,411000.0,30994.0,10.34158118013602
GA,2021,10478300,0.503,0.303,0.1,0.043,0.002,0.0,0.048,61500,0.14,0.039,0.023,0.616,0.89,0.346,254243.6412,17.9,13.4,7323.5,1662.0,9258.5,11311.5,175000.0,1370.0,502000.0,29555.5,10.294058964804288
GA,2020,10386150,0.5115000000000001,0.308,0.099,0.0419999999999999,0.002,0.0005,0.0365,59270,0.133,0.065,0.017,0.613,0.893,0.348,215181.106,15.6,9.8,5309.5,1246.5,8048.5,8884.5,168500.0,1370.0,494000.0,23489.0,10.064330077652958
GA,2019,10294000,0.52,0.313,0.098,0.041,0.002,0.001,0.025,56630,0.121,0.036,0.015,0.63,0.879,0.325,200421.846,13.7,5.8,1775.5,340.5,2448.0,2210.5,169000.0,1381.0,461000.0,6774.5,8.821068443762769
GA,2018,10212800,0.525,0.309,0.097,0.041,0.01,0.01,0.025,55820,0.148,0.04,0.017,0.633,0.8759999999999999,0.319,186666.2804,14.1,6.3,42.5,3.5,21.0,15.5,166000.0,1400.0,505000.0,82.5,4.42484663185681
HI,2022,1369500,0.195,0.011,0.108,0.359,0.001,0.094,0.232,91010,0.088,0.033,0.02,0.599,0.929,0.354,833701.3861,19.0,6.800000000000001,247.5,65.5,529.5,872.5,16000.0,235.0,37000.0,1715.0,7.447751280047908
HI,2021,1365100,0.196,0.013,0.109,0.375,0.0,0.097,0.209,82200,0.109,0.06,0.06,0.596,0.929,0.353,707129.0512,14.4,6.800000000000001,254.0,74.5,566.5,892.5,18000.0,235.0,41000.0,1787.5,7.489132558699072
HI,2020,1354050,0.2,0.0125,0.106,0.3845,0.0,0.0995,0.1965,80830,0.109,0.118,0.026,0.5920000000000001,0.933,0.355,631796.4826,14.8,6.2,160.5,35.5,342.0,511.5,16666.666666666668,235.0,35666.666666666664,1049.5,6.957021520285055
HI,2019,1343000,0.204,0.012,0.103,0.394,0.001,0.102,0.184,88010,0.084,0.025,0.009,0.61,0.924,0.336,615234.3835,13.9,6.800000000000001,217.0,60.0,586.5,702.5,17000.0,260.0,36000.0,1566.0,7.356918242356021
HI,2018,1354800,0.206,0.015,0.105,0.379,0.0,0.096,0.199,80110,0.092,0.024,0.008,0.616,0.92,0.335,604315.8513,11.9,6.800000000000001,283.0,71.0,591.0,711.5,14000.0,234.0,35000.0,1656.5,7.413065722060018
ID,2022,1885200,0.793,0.005,0.135,0.013,0.008,0.002,0.043,72580,0.0819999999999999,0.0279999999999999,0.008,0.63,0.92,0.3229999999999999,471894.0142,22.4,11.7,2705.0,263.0,1458.5,1902.0,25000.0,167.0,61000.0,6328.5,8.752976523076883
ID,2021,1865000,0.788,0.007,0.133,0.014,0.007,0.001,0.051,76920,0.093,0.036,0.0139999999999999,0.629,0.913,0.307,412975.7518,19.4,13.2,2681.5,262.0,1417.5,1805.5,23000.0,167.0,60000.0,6166.5,8.727048848403511
ID,2020,1807950,0.802,0.007,0.131,0.013,0.008,0.0,0.0385,66730,0.091,0.055,0.009,0.633,0.913,0.309,309840.0819,26.3,6.9,2451.5,245.0,1535.0,1650.5,24000.0,167.0,64166.666666666664,5882.0,8.679822114864455
ID,2019,1750900,0.816,0.007,0.129,0.012,0.009,0.0,0.026,65990,0.071,0.0289999999999999,0.006,0.643,0.915,0.287,272612.0271,21.9,9.9,3041.5,222.0,1888.5,1741.0,20000.0,180.0,58000.0,6893.0,8.83840674707681
ID,2018,1719600,0.819,0.005,0.127,0.016,0.011,0.0,0.022,58730,0.115,0.0289999999999999,0.006,0.6409999999999999,0.909,0.2769999999999999,243811.1479,32.6,10.0,3479.5,297.0,2251.5,1947.5,26000.0,169.0,63000.0,7975.5,8.984254997741052
ID,2017,1682100,0.821,0.01,0.124,0.013,0.01,0.0,0.025,60210,0.1169999999999999,0.032,0.008,0.639,0.908,0.268,218574.1772,23.9,5.1,3399.0,295.0,2585.5,1894.0,26000.0,169.0,67000.0,8173.5,9.008774831815469
ID,2016,1650700,0.825,0.01,0.123,0.014,0.011,0.0,0.02,56560,0.111,0.037,0.011,0.638,0.904,0.276,200402.8294,23.0,7.8,3169.0,304.0,2726.5,1936.0,24000.0,150.0,76000.0,8135.5,9.004115391100669
IL,2022,12296100,0.585,0.13,0.184,0.06,0.001,0.0,0.04,78020,0.095,0.046,0.021,0.6409999999999999,0.904,0.377,240521.7988,11.5,13.5,4705.5,1169.5,10149.0,16939.5,162000.0,3228.75,425000.0,32963.5,10.40318650383037
IL,2021,12368800,0.59,0.132,0.181,0.057,0.001,0.0,0.039,79250,0.107,0.061,0.038,0.63,0.902,0.371,219795.7167,11.8,16.4,3370.5,750.5,6397.0,10560.0,175000.0,3228.75,442000.0,21078.0,9.956032563199894
IL,2020,12365550,0.5994999999999999,0.134,0.1785,0.0565,0.001,0.005,0.0305,74330,0.08,0.093,0.021,0.626,0.904,0.376,198998.1355,12.1,15.9,173.0,31.5,565.5,614.0,165500.0,3228.75,459666.6666666667,1384.0,7.233455418621439
IL,2019,12362300,0.609,0.136,0.176,0.056,0.001,0.01,0.022,74400,0.093,0.04,0.016,0.6459999999999999,0.898,0.358,192383.4331,10.5,9.5,228.5,46.0,608.0,674.5,156000.0,3083.0,436000.0,1557.0,7.351158226430694
IL,2018,12438400,0.61,0.136,0.175,0.056,0.01,0.01,0.022,70150,0.103,0.044,0.018,0.647,0.895,0.351,187366.3672,10.6,11.8,228.5,45.0,715.5,740.0,154000.0,3162.0,457000.0,1729.0,7.455876687491824
IL,2017,12496600,0.613,0.137,0.174,0.054,0.01,0.0,0.021,64610,0.109,0.05,0.023,0.647,0.8909999999999999,0.344,179393.3113,12.6,13.2,183.5,56.5,704.5,784.0,177000.0,3264.0,486000.0,1728.5,7.455587628377224
IL,2016,12491200,0.618,0.137,0.171,0.053,0.01,0.01,0.019,61390,0.121,0.059,0.03,0.653,0.888,0.34,171464.995,10.1,11.7,169.5,53.0,794.5,874.5,169000.0,3406.0,512000.0,1891.5,7.545653985311604
IN,2022,6639400,0.761,0.091,0.078,0.025,0.001,0.0,0.044,70030,0.104,0.031,0.01,0.632,0.902,0.296,220388.4363,13.7,22.2,5375.0,946.0,4978.5,7544.0,90000.0,1808.5,243000.0,18843.5,9.843976373112582
IN,2021,6601300,0.767,0.086,0.077,0.023,0.001,0.0,0.045,70190,0.104,0.039,0.02,0.628,0.906,0.289,194269.7895,18.3,25.0,5695.5,756.5,4911.5,7162.0,96000.0,1808.5,249000.0,18525.5,9.82695741854618
IN,2020,6556550,0.7765,0.089,0.0745,0.0235,0.0015,0.0,0.034,66810,0.121,0.074,0.013,0.63,0.902,0.289,168872.5999,16.1,21.4,4034.0,684.0,4456.5,5541.0,92000.0,1808.5,263500.0,14715.5,9.596724592271554
IN,2019,6511800,0.786,0.092,0.072,0.024,0.002,0.0,0.023,66690,0.1009999999999999,0.033,0.01,0.6459999999999999,0.8959999999999999,0.2689999999999999,156859.744,12.6,12.8,2403.5,364.5,2588.0,2789.0,90000.0,1595.0,231000.0,8145.0,9.005282288208358
IN,2018,6487100,0.79,0.093,0.071,0.023,0.01,0.0,0.022,59890,0.1159999999999999,0.034,0.009,0.65,0.89,0.271,146742.0092,18.1,14.6,1332.0,155.0,816.0,1001.5,87000.0,1710.0,275000.0,3304.5,8.103343026773633
IN,2017,6459400,0.794,0.091,0.07,0.021,0.01,0.0,0.024,58870,0.114,0.035,0.011,0.642,0.8859999999999999,0.268,136933.5788,16.7,17.3,1073.0,84.0,393.5,456.5,98000.0,1971.0,282000.0,2007.0,7.60489448081162
IN,2016,6431400,0.798,0.091,0.068,0.021,0.01,0.0,0.021,56090,0.118,0.044,0.016,0.647,0.884,0.256,129575.7049,15.7,15.3,757.0,39.0,101.5,132.5,91000.0,1958.0,301000.0,1030.0,6.93828448401696
IA,2022,3101000,0.829,0.036,0.068,0.024,0.001,0.002,0.039,76320,0.094,0.0279999999999999,0.0069999999999999,0.68,0.935,0.3229999999999999,202868.0935,16.4,7.2,2933.0,409.5,2955.0,3391.0,30000.0,736.25,86000.0,9688.5,9.178798103966304
IA,2021,3093200,0.831,0.034,0.067,0.023,0.003,0.001,0.041,72430,0.0969999999999999,0.039,0.017,0.6709999999999999,0.933,0.305,183393.9512,15.9,9.9,2749.5,423.0,2935.0,3540.0,31000.0,736.25,91000.0,9647.5,9.174557741836413
IA,2020,3076700,0.842,0.0365,0.065,0.023,0.003,0.0055,0.03,68820,0.092,0.052,0.011,0.669,0.931,0.295,167728.4025,16.9,8.2,3033.5,354.0,3499.0,3312.5,31000.0,736.25,93166.66666666669,10199.0,9.230142999272362
IA,2019,3060200,0.853,0.039,0.063,0.023,0.003,0.01,0.019,66050,0.095,0.027,0.006,0.7,0.926,0.293,160042.2904,17.4,4.6,3333.0,449.5,3685.0,3239.5,34000.0,624.0,92000.0,10707.0,9.278746404640245
IA,2018,3056800,0.855,0.034,0.061,0.026,0.01,0.0,0.02,68720,0.089,0.026,0.008,0.6920000000000001,0.923,0.29,152433.2084,14.9,5.4,3023.0,419.0,3305.5,2640.5,32000.0,649.0,97000.0,9388.0,9.147294070258548
IA,2017,3045600,0.859,0.031,0.059,0.027,0.01,0.0,0.02,63480,0.091,0.031,0.01,0.6890000000000001,0.921,0.289,146369.8961,16.2,7.4,4142.5,586.0,4914.5,3594.0,32000.0,672.0,88000.0,13237.0,9.490846760678869
IA,2016,3030400,0.866,0.033,0.057,0.024,0.01,0.0,0.017,59090,0.098,0.036,0.01,0.6970000000000001,0.918,0.284,141827.5742,14.1,7.0,3943.0,583.5,5484.5,3811.5,27000.0,1000.0,105000.0,13822.5,9.534125321408242
KS,2022,2838500,0.733,0.046,0.131,0.03,0.004,0.0,0.055,73040,0.105,0.026,0.009,0.665,0.921,0.356,203653.6958,23.0,21.6,3727.5,598.0,3997.5,4655.0,37000.0,1017.75,94000.0,12978.0,9.471087945687758
KS,2021,2843100,0.734,0.047,0.129,0.03,0.004,0.0,0.056,75980,0.071,0.034,0.015,0.665,0.919,0.354,181244.1296,23.0,16.0,3804.5,474.5,3972.0,4783.0,38000.0,1017.75,92000.0,13034.0,9.475393326367602
KS,2020,2827150,0.7455,0.051,0.1255,0.0289999999999999,0.005,0.0,0.044,73080,0.093,0.0579999999999999,0.009,0.6679999999999999,0.918,0.351,161331.4655,22.9,15.3,3576.5,463.0,4251.0,4139.5,35166.666666666664,1017.75,98833.33333333331,12430.0,9.427948631791716
KS,2019,2811200,0.757,0.055,0.122,0.028,0.006,0.0,0.032,73150,0.095,0.032,0.009,0.6709999999999999,0.918,0.34,149943.5409,20.6,7.3,3528.5,652.0,4270.0,4392.0,33000.0,1078.0,101000.0,12842.5,9.46059312576901
KS,2018,2814700,0.76,0.054,0.12,0.028,0.01,0.0,0.032,63940,0.075,0.034,0.01,0.6679999999999999,0.91,0.3379999999999999,142936.7128,24.7,7.0,3883.0,723.0,4554.5,4448.5,32000.0,1035.0,103000.0,13609.0,9.518560095645512
KS,2017,2817600,0.761,0.053,0.119,0.03,0.01,0.0,0.03,57870,0.147,0.036,0.012,0.6679999999999999,0.91,0.337,136262.9024,22.4,6.5,3889.5,810.5,4709.0,4370.0,35000.0,992.0,104000.0,13779.0,9.53097354456765
KS,2016,2817000,0.765,0.056,0.117,0.027,0.01,0.0,0.029,56810,0.1119999999999999,0.04,0.015,0.674,0.905,0.3279999999999999,131386.1313,17.3,6.5,3509.5,852.5,5047.5,4537.5,36000.0,966.0,99000.0,13947.0,9.543091407795542
KY,2022,4377200,0.825,0.074,0.041,0.014,0.001,0.0,0.045,55870,0.171,0.04,0.012,0.5760000000000001,0.89,0.2789999999999999,188212.7744,17.1,20.5,2830.5,448.0,3459.0,4112.0,74000.0,1470.0,207000.0,10849.5,9.291966440856129
KY,2021,4365500,0.83,0.068,0.038,0.015,0.002,0.0,0.047,55630,0.162,0.045,0.02,0.5710000000000001,0.88,0.27,169731.9932,19.1,26.0,3068.5,443.0,3765.0,4348.0,78000.0,1470.0,220000.0,11624.5,9.36095624028331
KY,2020,4342400,0.8374999999999999,0.074,0.0375,0.0155,0.0015,0.0,0.0335,56760,0.139,0.065,0.018,0.57,0.887,0.2739999999999999,150143.7935,17.5,23.0,3133.5,532.5,4541.0,4256.0,73666.66666666667,1470.0,222666.66666666663,12463.0,9.430599768110527
KY,2019,4319300,0.845,0.08,0.037,0.016,0.001,0.0,0.02,55660,0.136,0.0409999999999999,0.0139999999999999,0.5870000000000001,0.872,0.251,139848.0504,14.7,11.8,4094.5,734.5,5492.0,4629.0,70000.0,1522.0,212000.0,14950.0,9.612533466213929
KY,2018,4320300,0.848,0.076,0.036,0.015,0.01,0.0,0.023,54560,0.157,0.042,0.0139999999999999,0.586,0.868,0.248,132370.8326,17.8,14.4,4953.5,849.5,5879.5,4804.5,73000.0,1549.0,226000.0,16487.0,9.710388122570295
KY,2017,4307100,0.849,0.079,0.035,0.015,0.01,0.0,0.022,51350,0.144,0.048,0.02,0.588,0.863,0.24,124914.8588,13.7,15.4,5127.0,930.5,6857.0,5141.5,72000.0,1403.0,223000.0,18056.0,9.80128870021588
KY,2016,4287700,0.852,0.08,0.034,0.014,0.01,0.0,0.018,45370,0.152,0.05,0.021,0.583,0.857,0.2339999999999999,118772.7011,15.7,15.5,5096.5,912.5,7532.5,5436.0,75000.0,1406.0,248000.0,18977.5,9.851062038482358
LA,2022,4451600,0.571,0.306,0.057,0.018,0.004,0.0,0.044,58320,0.1689999999999999,0.036,0.019,0.584,0.873,0.271,208826.3598,14.4,19.8,4692.0,408.0,5100.0,5454.5,86000.0,396.5,257000.0,15654.5,9.658577571928216
LA,2021,4480200,0.574,0.306,0.055,0.018,0.004,0.0,0.044,57210,0.184,0.0559999999999999,0.037,0.5770000000000001,0.867,0.264,198002.9453,16.0,21.7,4387.0,288.5,4763.0,5258.5,100000.0,396.5,287000.0,14697.0,9.595466709088816
LA,2020,4489400,0.581,0.3125,0.0535,0.0175,0.0045,0.0,0.0315,51190,0.155,0.087,0.025,0.574,0.8690000000000001,0.272,188339.4683,12.6,15.3,1532.5,86.0,2150.0,2137.0,91666.66666666669,396.5,289500.0,5905.5,8.683808718388574
LA,2019,4498600,0.588,0.319,0.052,0.017,0.005,0.0,0.019,51710,0.179,0.046,0.019,0.586,0.86,0.25,179519.2822,16.1,9.2,1220.0,58.0,1453.5,1502.0,76000.0,357.0,289000.0,4233.5,8.351020536361654
LA,2018,4519300,0.588,0.316,0.051,0.016,0.01,0.0,0.023,49970,0.19,0.048,0.019,0.588,0.858,0.243,173800.59,15.2,9.6,1241.0,72.5,1698.0,1553.5,95000.0,399.0,283000.0,4565.0,8.42639282708974
LA,2017,4541500,0.588,0.318,0.052,0.018,0.01,0.0,0.019,43900,0.214,0.051,0.024,0.588,0.851,0.238,171363.3701,14.9,11.0,1221.5,83.0,1565.0,1424.5,96000.0,403.0,307000.0,4294.0,8.365206834418355
LA,2016,4530500,0.594,0.318,0.049,0.017,0.01,0.0,0.017,42200,0.2019999999999999,0.061,0.025,0.593,0.8440000000000001,0.2339999999999999,172156.1913,14.8,10.5,1197.0,87.5,1496.0,1476.0,97000.0,427.0,314000.0,4256.5,8.356437412536843
ME,2022,1348100,0.905,0.016,0.02,0.009,0.004,0.0,0.045,75160,0.096,0.0289999999999999,0.013,0.591,0.946,0.361,358122.026,12.7,20.4,295.0,81.5,1110.0,1186.0,14000.0,112.75,28000.0,2672.5,7.891143754388787
ME,2021,1336900,0.9,0.014,0.018,0.011,0.003,0.0,0.053,71140,0.091,0.047,0.023,0.604,0.945,0.36,311270.9749,16.2,19.4,387.5,73.5,1050.0,1165.5,16000.0,112.75,37000.0,2676.5,7.892638802321904
ME,2020,1319600,0.916,0.014,0.0175,0.011,0.005,0.0,0.036,63690,0.08,0.051,0.013,0.596,0.936,0.335,257755.1702,17.2,21.8,299.5,55.5,699.5,772.0,13500.0,112.75,34833.333333333336,1826.5,7.510704191623933
ME,2019,1302300,0.932,0.014,0.017,0.011,0.007,0.0,0.019,66550,0.104,0.0289999999999999,0.011,0.624,0.932,0.332,236456.3762,17.7,14.5,358.0,64.0,618.0,656.0,12000.0,119.0,33000.0,1696.0,7.436617265234227
ME,2018,1299500,0.934,0.013,0.015,0.013,0.01,0.0,0.021,58660,0.1159999999999999,0.032,0.009,0.63,0.93,0.315,225420.5024,19.0,9.2,255.5,80.5,621.0,528.0,12000.0,93.0,35000.0,1485.0,7.303843225277705
ME,2017,1300200,0.937,0.011,0.016,0.011,0.01,0.0,0.019,51660,0.12,0.034,0.012,0.636,0.923,0.321,211392.2435,13.5,15.4,256.0,78.5,660.0,460.5,13000.0,116.0,33000.0,1455.0,7.283448228756631
ME,2016,1293800,0.936,0.015,0.015,0.012,0.01,0.0,0.016,50860,0.127,0.038,0.016,0.634,0.923,0.301,198263.7839,22.2,17.8,452.5,81.0,748.5,476.5,14000.0,123.0,43000.0,1758.5,7.47278495676164
MD,2022,6011200,0.472,0.292,0.115,0.066,0.001,0.0,0.054,108200,0.086,0.03,0.017,0.648,0.914,0.4379999999999999,396489.4444,10.9,16.2,5188.5,654.5,5459.5,7613.5,69000.0,823.0,155000.0,18916.0,9.847816267665664
MD,2021,5992100,0.481,0.286,0.111,0.068,0.001,0.0,0.052,97330,0.077,0.052,0.032,0.648,0.911,0.425,368780.6287,11.6,18.0,3394.5,320.5,3168.0,4354.0,78000.0,823.0,187000.0,11237.0,9.327056171672144
MD,2020,5933800,0.49,0.291,0.1085,0.066,0.0015,0.0,0.0419999999999999,94790,0.094,0.065,0.017,0.665,0.911,0.431,329988.1588,8.3,20.1,757.0,97.5,975.0,978.0,73333.33333333333,823.0,163333.33333333334,2807.5,7.940405811972488
MD,2019,5875500,0.499,0.296,0.106,0.064,0.002,0.0,0.032,95570,0.07,0.034,0.015,0.6890000000000001,0.904,0.409,315086.4882,10.5,18.1,1330.5,92.0,1216.5,1007.5,68000.0,770.0,157000.0,3646.5,8.20179728039694
MD,2018,5870800,0.503,0.293,0.105,0.064,0.01,0.0,0.034,86220,0.08,0.038,0.019,0.6779999999999999,0.905,0.408,304548.6894,11.9,16.1,1262.0,73.0,906.5,671.5,75000.0,818.0,152000.0,2913.0,7.97728198675515
MA,2022,6757900,0.673,0.065,0.131,0.07,0.001,0.0,0.06,93550,0.096,0.037,0.019,0.652,0.913,0.466,556942.6519,7.8,12.2,1398.0,594.0,4105.0,6472.0,64000.0,1522.5,152000.0,12569.0,9.439068301584292
MA,2021,6744100,0.677,0.061,0.129,0.069,0.001,0.0,0.063,86570,0.076,0.054,0.04,0.6509999999999999,0.911,0.466,504870.5217,7.2,14.6,1416.5,498.5,3597.5,5992.5,67000.0,1522.5,169000.0,11505.0,9.350623917423238
MA,2020,6697450,0.6910000000000001,0.0655,0.1265,0.068,0.0015,0.0,0.0475,87810,0.084,0.094,0.021,0.653,0.913,0.469,443372.5791,7.6,12.1,1320.5,569.0,4020.5,5773.0,63333.333333333336,1522.5,167666.66666666666,11683.0,9.365975663507632
MA,2019,6650800,0.705,0.07,0.124,0.067,0.002,0.01,0.032,87710,0.075,0.03,0.012,0.672,0.913,0.45,421752.5499,7.1,12.8,1501.0,616.0,4046.5,6062.0,58000.0,1382.0,154000.0,12225.5,9.411361006202622
MA,2018,6659900,0.708,0.07,0.124,0.067,0.01,0.0,0.029,86350,0.087,0.035,0.016,0.6709999999999999,0.908,0.445,410211.5293,8.4,13.7,1659.5,588.0,4299.0,6001.0,63000.0,1560.0,164000.0,12547.5,9.437356415504269
MA,2017,6620600,0.717,0.069,0.119,0.064,0.01,0.0,0.029,73230,0.106,0.038,0.017,0.659,0.908,0.434,386046.5835,8.4,15.3,1865.5,655.5,5395.5,6588.5,63000.0,1543.0,182000.0,14505.0,9.582317635923358
MA,2016,6570600,0.726,0.067,0.114,0.063,0.01,0.0,0.028,72270,0.096,0.04,0.02,0.653,0.904,0.427,361931.3072,8.7,18.3,2102.0,712.0,6176.5,6945.0,65000.0,1605.0,185000.0,15935.5,9.676367354834186
MI,2022,9824500,0.729,0.129,0.057,0.033,0.003,0.0,0.05,68990,0.121,0.0409999999999999,0.018,0.604,0.918,0.321,228016.4357,13.9,10.1,4560.0,2667.5,13625.0,15737.0,128000.0,1448.75,378000.0,36589.5,10.507543922855662
MI,2021,9841800,0.731,0.131,0.056,0.032,0.003,0.0,0.048,64490,0.1169999999999999,0.0579999999999999,0.034,0.594,0.92,0.317,206833.9654,15.3,11.8,5091.5,1734.0,9966.0,15415.5,139000.0,1448.75,377000.0,32207.0,10.379970147879572
MI,2020,9803700,0.74,0.1325,0.0545,0.032,0.004,0.0,0.0375,64390,0.1119999999999999,0.1009999999999999,0.019,0.604,0.92,0.321,180294.8683,14.6,13.7,5052.0,1744.5,10337.5,15131.0,132666.66666666666,1448.75,400666.6666666667,32265.0,10.38176932322609
MI,2019,9765600,0.749,0.134,0.053,0.032,0.005,0.0,0.027,64120,0.102,0.0409999999999999,0.013,0.619,0.914,0.3,169404.0894,13.3,10.1,4547.0,2590.5,12653.5,16696.5,118000.0,1439.0,371000.0,36487.5,10.504752421432926
MI,2018,9770000,0.75,0.135,0.052,0.032,0.01,0.0,0.026,60450,0.105,0.042,0.0139999999999999,0.616,0.911,0.296,159393.1485,16.8,11.4,10100.5,2633.0,13933.5,17489.5,130000.0,1424.0,413000.0,44156.5,10.695518067029598
MI,2017,9720300,0.753,0.135,0.05,0.031,0.01,0.0,0.026,57700,0.127,0.046,0.016,0.614,0.909,0.291,147892.2069,14.2,14.9,11951.5,2714.5,16294.0,17936.0,135000.0,1503.0,419000.0,48896.0,10.797471323887745
MI,2016,9693500,0.756,0.135,0.049,0.029,0.01,0.0,0.027,57090,0.111,0.05,0.02,0.613,0.904,0.283,137536.6185,14.7,13.4,13264.0,2920.0,18408.5,20175.0,146000.0,1429.0,446000.0,54767.5,10.910870490146932
MN,2022,5600400,0.763,0.065,0.058,0.052,0.007,0.0,0.055,90390,0.076,0.025,0.01,0.682,0.94,0.391,325231.7254,15.2,18.8,4201.5,1015.0,5699.0,5160.5,50000.0,1171.5,139000.0,16076.0,9.68514495816296
MN,2021,5585100,0.769,0.067,0.058,0.05,0.006,0.0,0.049,80440,0.069,0.037,0.024,0.679,0.941,0.389,298790.6145,15.1,21.7,4491.0,1056.0,5617.0,5435.0,57000.0,1171.5,139000.0,16599.0,9.717157974344635
MN,2020,5549950,0.78,0.0655,0.057,0.0495,0.0075,0.0,0.0395,78750,0.085,0.063,0.013,0.6970000000000001,0.938,0.379,266296.4713,13.7,18.2,2911.0,703.5,4092.5,3414.5,47666.666666666664,1171.5,147000.0,11121.5,9.316725362680195
MN,2019,5514800,0.791,0.064,0.056,0.049,0.009,0.0,0.03,81430,0.057,0.033,0.008,0.6990000000000001,0.936,0.373,252044.0064,15.6,13.8,1513.0,459.0,2372.5,2049.5,43000.0,1149.0,143000.0,6394.0,8.763271714012943
MN,2018,5489000,0.796,0.065,0.054,0.047,0.01,0.0,0.028,71820,0.079,0.03,0.008,0.696,0.934,0.367,239466.7637,15.5,8.6,593.5,144.5,727.5,477.5,47000.0,1198.0,150000.0,1943.0,7.572502985020384
MS,2022,2828900,0.557,0.364,0.032,0.009,0.004,0.0,0.035,48610,0.184,0.038,0.019,0.5489999999999999,0.8759999999999999,0.248,178507.9594,10.8,13.2,2732.0,397.0,2176.0,2366.0,57000.0,558.25,175000.0,7671.0,8.945332616563274
MS,2021,2850600,0.559,0.357,0.031,0.008,0.004,0.0,0.04,46640,0.174,0.055,0.0289999999999999,0.551,0.865,0.248,162178.3372,16.2,14.7,2611.5,373.0,2399.0,2490.0,56000.0,558.25,189000.0,7873.5,8.971384969614636
MS,2020,2858850,0.5625,0.3665,0.0305,0.009,0.004,0.0,0.027,45130,0.176,0.08,0.024,0.547,0.868,0.245,145332.868,12.3,10.3,1943.0,263.5,1916.0,1798.0,59166.666666666664,558.25,191666.66666666663,5920.5,8.686345074161549
MS,2019,2867100,0.566,0.376,0.03,0.01,0.004,0.0,0.014,44790,0.192,0.055,0.022,0.561,0.853,0.223,138591.2854,13.4,6.5,1280.0,229.5,1269.5,1170.0,59000.0,461.0,192000.0,3949.0,8.281470857895167
MS,2018,2879400,0.567,0.377,0.028,0.009,0.01,0.0,0.014,42780,0.196,0.05,0.021,0.556,0.8540000000000001,0.2319999999999999,133841.9373,14.1,3.9,812.5,189.5,997.0,892.5,60000.0,504.0,193000.0,2891.5,7.969876459067832
MO,2022,5990000,0.769,0.104,0.047,0.021,0.002,0.001,0.056,71520,0.114,0.026,0.009,0.624,0.916,0.322,227423.0773,18.1,22.7,5636.0,1110.5,8478.0,7950.5,74000.0,1387.25,225000.0,23175.0,10.050872539449186
MO,2021,5987500,0.768,0.106,0.046,0.02,0.002,0.001,0.057,63590,0.123,0.0409999999999999,0.022,0.625,0.916,0.317,201609.9262,20.5,21.2,6241.0,1114.5,8867.5,7943.5,75000.0,1387.25,219000.0,24166.5,10.09276403433876
MO,2020,5963700,0.781,0.109,0.0445,0.0205,0.003,0.001,0.0415,62180,0.107,0.062,0.013,0.627,0.914,0.319,175660.4067,19.8,21.2,4514.5,890.0,6399.0,5333.5,76166.66666666667,1387.25,238833.33333333337,17137.0,9.749053499229063
MO,2019,5939900,0.794,0.112,0.043,0.021,0.004,0.001,0.026,60600,0.094,0.033,0.009,0.639,0.907,0.302,164562.1624,20.5,16.1,3235.0,460.5,3372.0,2661.0,77000.0,1428.0,229000.0,9728.5,9.18291778639821
MO,2018,5934500,0.795,0.113,0.041,0.02,0.01,0.01,0.026,61730,0.124,0.032,0.012,0.636,0.905,0.295,156695.0062,21.2,19.0,2431.0,273.5,2339.5,2486.0,78000.0,1367.0,247000.0,7530.0,8.926783114101351
MO,2017,5921300,0.797,0.111,0.042,0.02,0.01,0.01,0.025,56890,0.111,0.037,0.015,0.639,0.897,0.291,148325.0918,21.0,15.5,1380.0,220.5,2113.5,2192.0,75000.0,1351.0,252000.0,5906.0,8.683893367307235
MO,2016,5898000,0.798,0.113,0.04,0.019,0.01,0.01,0.024,55020,0.13,0.046,0.016,0.6459999999999999,0.8959999999999999,0.285,140590.5299,19.3,17.9,1325.5,218.5,2096.5,2115.0,78000.0,1403.0,261000.0,5755.5,8.65808493011372
MT,2022,1093400,0.838,0.003,0.043,0.006,0.051,0.0,0.058,72970,0.104,0.027,0.0069999999999999,0.629,0.94,0.346,442839.3558,33.3,10.2,453.5,286.0,3613.5,1608.5,13000.0,223.0,31000.0,5961.5,8.693245135196596
MT,2021,1073800,0.838,0.004,0.043,0.007,0.055,0.0,0.054,65000,0.107,0.034,0.016,0.623,0.944,0.348,366372.4047,44.6,7.8,525.0,359.0,4196.5,1796.0,14000.0,223.0,32000.0,6876.5,8.83601049279873
MT,2020,1056600,0.8494999999999999,0.005,0.0399999999999999,0.0075,0.0579999999999999,0.0,0.041,56740,0.109,0.0579999999999999,0.012,0.63,0.944,0.346,294102.8299,33.6,8.8,740.5,466.5,4152.0,1437.5,13333.333333333334,223.0,33166.666666666664,6796.5,8.824310176506625
MT,2019,1039400,0.861,0.006,0.037,0.008,0.061,0.0,0.028,60190,0.0969999999999999,0.035,0.01,0.637,0.942,0.336,271932.391,36.8,8.879999999999999,985.0,426.0,3836.0,1366.5,13000.0,246.0,33000.0,6613.5,8.797019487902435
MT,2018,1034000,0.861,0.01,0.039,0.007,0.058,0.0,0.031,57680,0.103,0.038,0.012,0.633,0.939,0.317,258121.642,29.3,9.5,1153.0,437.5,4650.0,1388.0,13000.0,234.0,36000.0,7628.5,8.93977759133179
MT,2017,1022600,0.865,0.01,0.036,0.01,0.059,0.0,0.029,59090,0.0969999999999999,0.0409999999999999,0.013,0.632,0.93,0.3229999999999999,243461.5568,31.6,8.1,1226.0,231.5,2646.0,1380.0,13000.0,227.0,33000.0,5483.5,8.609681210851388
MT,2016,1015100,0.866,0.0,0.035,0.01,0.061,0.0,0.027,57080,0.1169999999999999,0.043,0.015,0.633,0.928,0.31,232530.2487,29.2,8.879999999999999,1237.5,251.0,2370.0,1356.0,14000.0,185.0,34000.0,5214.5,8.559390240116025
NE,2022,1913700,0.759,0.042,0.123,0.023,0.005,0.0,0.047,78360,0.079,0.021,0.006,0.6940000000000001,0.928,0.347,237003.4889,16.4,8.9,2011.0,252.0,1830.0,1995.5,15000.0,607.25,64000.0,6088.5,8.714321255527166
NE,2021,1907000,0.766,0.042,0.12,0.022,0.006,0.0,0.044,78110,0.081,0.026,0.012,0.693,0.922,0.344,213378.2959,15.3,10.6,2158.5,224.5,1687.5,1955.5,19000.0,607.25,59000.0,6026.0,8.704004653483045
NE,2020,1890300,0.7755000000000001,0.045,0.1164999999999999,0.023,0.007,0.0,0.0325,72250,0.083,0.043,0.011,0.696,0.919,0.3329999999999999,189029.5901,14.2,9.7,1264.5,150.0,1062.0,1021.0,18000.0,607.25,61000.0,3497.5,8.160089584185952
NE,2019,1873600,0.785,0.048,0.113,0.024,0.008,0.0,0.021,73070,0.087,0.031,0.008,0.703,0.92,0.332,177106.5192,15.3,5.6,1498.0,164.5,1349.0,1166.5,18000.0,637.0,51000.0,4178.0,8.337827262447915
NE,2018,1868900,0.787,0.044,0.111,0.023,0.01,0.0,0.029,67580,0.105,0.0289999999999999,0.008,0.698,0.914,0.324,167798.9096,13.4,8.08,1736.0,212.0,1537.5,1260.5,18000.0,597.0,60000.0,4746.0,8.465268118551318
NE,2017,1859200,0.792,0.043,0.11,0.025,0.01,0.0,0.023,59620,0.104,0.03,0.01,0.6940000000000001,0.913,0.317,157906.123,17.9,5.6,1780.0,197.0,1733.0,1225.5,19000.0,590.0,66000.0,4935.5,8.504411857051505
NE,2016,1845000,0.8,0.044,0.106,0.023,0.01,0.0,0.02,59370,0.096,0.031,0.012,0.6990000000000001,0.909,0.314,149703.0432,16.0,8.08,1528.0,169.5,1636.5,1125.0,19000.0,605.0,66000.0,4459.0,8.40290404501411
NV,2022,3125400,0.444,0.09,0.303,0.09,0.005,0.006,0.063,72330,0.12,0.052,0.03,0.616,0.8740000000000001,0.27,435313.5172,20.4,18.0,2298.5,411.5,3650.5,6042.0,51000.0,346.25,109000.0,12402.5,9.42573396983033
NV,2021,3090300,0.451,0.086,0.301,0.084,0.006,0.007,0.066,64340,0.128,0.068,0.059,0.602,0.872,0.276,362795.728,25.2,23.3,2397.5,398.0,3739.5,6196.5,54000.0,346.25,129000.0,12731.5,9.45191305875876
NV,2020,3060000,0.4645,0.089,0.297,0.0845,0.0075,0.0065,0.0515,61160,0.129,0.1369999999999999,0.027,0.613,0.872,0.28,311969.8337,19.5,28.7,1038.5,189.5,1606.5,2346.0,48166.666666666664,346.25,120833.33333333331,5180.5,8.552849868624271
NV,2019,3029700,0.478,0.092,0.293,0.085,0.009,0.006,0.037,70910,0.104,0.042,0.0139999999999999,0.6409999999999999,0.8690000000000001,0.257,300435.9342,17.5,12.6,49.5,15.0,76.0,99.5,45000.0,385.0,115000.0,240.0,5.484796933490655
NH,2022,1358400,0.867,0.014,0.045,0.026,0.001,0.0,0.047,84970,0.083,0.023,0.009,0.6559999999999999,0.945,0.413,413106.1551,11.8,12.4,815.5,142.5,1062.5,1549.0,11000.0,234.0,17000.0,3569.5,8.180460920989164
NH,2021,1346700,0.876,0.012,0.043,0.027,0.0,0.0,0.043,88840,0.069,0.034,0.019,0.6559999999999999,0.944,0.402,359487.1514,13.4,16.3,942.5,153.5,1114.5,1477.0,11000.0,234.0,23000.0,3687.5,8.212975150324358
NH,2020,1330350,0.887,0.0125,0.0409999999999999,0.0265,0.0,0.0,0.032,88890,0.062,0.067,0.012,0.669,0.941,0.402,302814.1981,17.1,13.5,1029.5,172.5,1201.0,1424.0,11500.0,234.0,21833.333333333332,3827.0,8.250097752572845
NH,2019,1314000,0.898,0.013,0.039,0.026,0.0,0.0,0.021,86900,0.037,0.026,0.008,0.6890000000000001,0.933,0.376,281235.1858,16.9,17.5,1314.5,242.0,1373.0,1660.0,11000.0,178.0,18000.0,4589.5,8.431744229583755
NH,2018,1310300,0.902,0.011,0.038,0.028,0.0,0.0,0.018,81350,0.061,0.026,0.01,0.687,0.931,0.368,269097.569,17.7,17.7,1635.5,282.5,1654.0,1769.5,12000.0,240.0,27000.0,5341.5,8.583448987193302
NH,2017,1297000,0.906,0.013,0.036,0.027,0.01,0.0,0.016,74800,0.066,0.0279999999999999,0.009,0.6809999999999999,0.931,0.369,252063.5616,23.9,22.7,2059.5,319.5,1859.0,1797.0,12000.0,270.0,26000.0,6035.0,8.70549681988774
NH,2016,1291300,0.911,0.011,0.035,0.025,0.0,0.0,0.018,76260,0.064,0.0289999999999999,0.011,0.6859999999999999,0.928,0.366,237175.2769,17.5,32.2,2493.0,350.5,2240.5,1884.5,12000.0,248.0,20000.0,6968.5,8.84929876516994
NJ,2022,9091400,0.515,0.118,0.22,0.101,0.001,0.0,0.046,92340,0.087,0.039,0.025,0.64,0.907,0.435,457660.1945,7.1,10.6,1151.0,452.0,3139.5,4064.0,96000.0,504.5,254000.0,8806.5,9.083358910215392
NJ,2021,9085100,0.522,0.121,0.216,0.1,0.001,0.0,0.04,88560,0.076,0.067,0.048,0.629,0.91,0.431,414428.7519,7.6,13.0,594.5,220.0,1312.5,1879.5,111000.0,504.5,284000.0,4006.5,8.295922884483709
NM,2022,2057700,0.347,0.015,0.505,0.016,0.081,0.0,0.035,56420,0.2019999999999999,0.0409999999999999,0.02,0.565,0.88,0.305,277305.5958,25.3,27.3,943.5,240.0,2474.0,3350.0,38000.0,192.25,105000.0,7007.5,8.854878977103112
NM,2021,2063100,0.348,0.016,0.503,0.014,0.081,0.0,0.037,53460,0.18,0.071,0.04,0.564,0.875,0.301,242685.7182,29.3,30.0,951.5,262.0,2365.5,3232.5,47000.0,192.25,111000.0,6811.5,8.826514438971499
NM,2020,2052250,0.3575,0.0165,0.499,0.015,0.0839999999999999,0.0,0.0274999999999999,50910,0.166,0.079,0.025,0.56,0.878,0.301,210111.1314,29.0,20.0,635.0,172.5,1692.5,2243.0,41500.0,192.25,122000.0,4743.0,8.464635940677562
NM,2019,2041400,0.367,0.017,0.495,0.016,0.087,0.0,0.018,53110,0.153,0.05,0.019,0.581,0.8590000000000001,0.2769999999999999,194755.4869,29.8,15.1,468.0,179.5,1382.0,1747.5,36000.0,193.0,116000.0,3777.0,8.236950048061455
NM,2018,2045300,0.369,0.018,0.491,0.015,0.089,0.0,0.017,48280,0.166,0.049,0.02,0.578,0.8540000000000001,0.2769999999999999,184782.4697,27.8,14.6,479.0,197.0,1584.5,1747.5,44000.0,202.0,124000.0,4008.0,8.296297112642508
NY,2022,19161800,0.53,0.133,0.197,0.09,0.002,0.0,0.048,75910,0.127,0.043,0.027,0.602,0.879,0.4,434463.1553,6.6,9.9,880.0,289.5,4361.0,5143.5,250000.0,3713.0,736000.0,10674.0,9.275659838096823
NY,2021,19309800,0.535,0.132,0.196,0.087,0.002,0.0,0.048,72920,0.125,0.071,0.052,0.595,0.88,0.3989999999999999,398584.1832,7.0,11.3,894.5,219.0,3858.5,4585.5,288000.0,3713.0,747000.0,9557.5,9.165186089969072
NY,2020,19109050,0.5435000000000001,0.136,0.1945,0.0865,0.002,0.0,0.0375,68660,0.118,0.099,0.027,0.59,0.878,0.395,359584.6094,6.9,13.5,387.5,82.0,1402.0,1212.0,261666.66666666663,3713.0,764666.6666666666,3083.5,8.034144848649694
NC,2022,10340200,0.609,0.2,0.104,0.031,0.008,0.001,0.046,65070,0.142,0.037,0.015,0.612,0.902,0.359,305361.7385,14.7,21.9,12139.5,2046.0,11767.0,13450.0,138000.0,1308.5,388000.0,39402.5,10.581609923827964
NC,2021,10211700,0.611,0.197,0.101,0.031,0.009,0.0,0.05,62890,0.118,0.049,0.026,0.595,0.897,0.349,257268.9666,16.4,21.7,11971.5,1917.5,11825.0,13164.0,150000.0,1308.5,411000.0,38878.0,10.568209538078998
NC,2020,10175700,0.619,0.203,0.099,0.03,0.0099999999999999,0.005,0.038,60430,0.138,0.073,0.017,0.589,0.903,0.348,218480.7064,13.8,19.7,11199.0,1930.0,13475.5,11781.0,145333.33333333334,1308.5,444333.3333333333,38385.5,10.555461114263236
NC,2019,10139700,0.627,0.209,0.097,0.029,0.011,0.01,0.026,61160,0.127,0.039,0.015,0.615,0.8859999999999999,0.3229999999999999,202930.8519,12.8,12.8,11058.0,2257.0,13435.0,11103.5,143000.0,1350.0,440000.0,37853.5,10.541505142155367
ND,2022,744000,0.828,0.026,0.044,0.012,0.039,0.0,0.048,78720,0.0969999999999999,0.02,0.006,0.691,0.939,0.318,254157.7343,20.1,23.5,1483.0,210.0,1080.5,1177.5,5000.0,202.25,23000.0,3951.0,8.281977058867758
ND,2021,741600,0.827,0.029,0.039,0.014,0.043,0.0,0.044,68880,0.085,0.03,0.015,0.685,0.936,0.317,237343.6645,25.7,15.1,1451.5,195.0,1152.5,1222.0,8000.0,202.25,19000.0,4021.0,8.299534570332597
ND,2020,736300,0.834,0.0265,0.0395,0.014,0.0475,0.0,0.0349999999999999,64120,0.107,0.05,0.009,0.6890000000000001,0.935,0.318,226657.0482,14.5,25.3,1480.5,207.5,1120.0,1119.0,6833.333333333333,202.25,19500.0,3927.0,8.275885669474356
ND,2019,731000,0.841,0.024,0.04,0.014,0.052,0.0,0.026,70030,0.081,0.021,0.006,0.6990000000000001,0.935,0.304,219687.756,17.4,16.800000000000004,1555.0,192.5,1225.5,1075.0,6000.0,165.0,18000.0,4048.0,8.30622521603216
ND,2018,730600,0.839,0.03,0.035,0.02,0.051,0.0,0.024,66510,0.0969999999999999,0.024,0.0069999999999999,0.698,0.923,0.297,217442.1735,21.6,16.800000000000004,1807.0,246.0,1369.0,1087.0,7000.0,183.0,17000.0,4509.0,8.414052432496725
ND,2017,726000,0.847,0.029,0.034,0.017,0.056,0.0,0.017,59890,0.113,0.026,0.008,0.7070000000000001,0.929,0.307,221350.3624,27.6,10.7,1830.5,224.5,1602.0,1059.0,7000.0,228.0,19000.0,4716.0,8.458928283284262
ND,2016,725900,0.854,0.026,0.031,0.01,0.057,0.0,0.024,60180,0.111,0.031,0.009,0.7090000000000001,0.924,0.296,224900.4795,21.4,9.4,1780.5,233.0,1626.5,1062.0,8000.0,233.0,21000.0,4702.0,8.455955881945048
OH,2022,11455600,0.763,0.118,0.044,0.025,0.001,0.0,0.049,67520,0.099,0.04,0.015,0.615,0.918,0.32,205121.0655,15.8,17.7,7540.0,892.0,11422.5,16521.0,147000.0,2325.25,446000.0,36375.5,10.50167824073697
OH,2021,11455700,0.767,0.115,0.043,0.024,0.001,0.001,0.049,62690,0.1159999999999999,0.052,0.024,0.614,0.917,0.307,185549.1061,15.6,18.1,7929.5,1153.0,12512.0,16531.0,154000.0,2325.25,475000.0,38125.5,10.548664857398045
OH,2020,11403600,0.7765,0.1185,0.0414999999999999,0.0235,0.001,0.0,0.0385,60380,0.127,0.083,0.016,0.616,0.915,0.306,162606.8862,14.8,23.3,6461.0,925.0,12500.0,15430.0,145666.66666666666,2325.25,486833.3333333333,35316.0,10.47211971339814
OH,2019,11351500,0.786,0.122,0.04,0.023,0.001,0.0,0.028,64660,0.124,0.042,0.012,0.633,0.908,0.293,151783.4084,14.9,17.4,8904.0,1236.0,14754.0,16603.5,133000.0,2650.0,466000.0,41497.5,10.633412560987246
OH,2018,11355900,0.788,0.121,0.038,0.023,0.01,0.0,0.028,61630,0.119,0.045,0.015,0.628,0.907,0.29,142975.0506,16.0,17.1,11239.0,1423.0,16235.0,17197.5,141000.0,2477.0,496000.0,46094.5,10.738470610337332
OH,2017,11323500,0.792,0.12,0.037,0.022,0.01,0.01,0.028,59770,0.127,0.05,0.02,0.63,0.903,0.28,134549.3079,15.9,25.2,11496.5,1475.5,18498.0,18089.5,144000.0,2159.0,513000.0,49559.5,10.810949424473463
OH,2016,11278700,0.796,0.121,0.036,0.02,0.01,0.01,0.026,53990,0.1369999999999999,0.051,0.019,0.628,0.9,0.275,128274.7403,12.9,23.8,10865.5,1467.5,18405.5,17204.0,155000.0,2015.0,525000.0,47942.5,10.777778513250002
OK,2022,3881900,0.628,0.065,0.122,0.023,0.069,0.0,0.092,63440,0.1689999999999999,0.03,0.013,0.617,0.8959999999999999,0.285,189204.6648,15.7,14.1,3183.5,732.0,4569.0,6101.5,63000.0,500.0,185000.0,14586.0,9.587886000086211
OK,2021,3858600,0.629,0.065,0.119,0.023,0.069,0.001,0.093,60100,0.151,0.04,0.02,0.611,0.887,0.2789999999999999,166334.8357,24.0,12.4,3109.0,652.0,4889.0,5730.5,69000.0,500.0,199000.0,14380.5,9.573697937378778
OK,2020,3842750,0.6395,0.067,0.1149999999999999,0.022,0.073,0.001,0.0819999999999999,52470,0.155,0.063,0.013,0.608,0.892,0.27,146439.8712,24.0,9.6,1993.0,470.5,3494.0,3310.5,65333.333333333336,500.0,198833.33333333337,9268.0,9.134430777875831
OK,2019,3826900,0.65,0.069,0.111,0.021,0.077,0.001,0.071,59400,0.108,0.031,0.012,0.612,0.884,0.262,136523.4446,22.4,8.2,2318.0,519.5,3503.5,3091.5,62000.0,467.0,186000.0,9432.5,9.152022462651669
OK,2018,3816100,0.653,0.07,0.109,0.021,0.076,0.01,0.072,54430,0.134,0.033,0.013,0.611,0.884,0.256,130984.7924,17.1,7.4,2429.5,388.5,2529.0,2465.5,59000.0,438.0,203000.0,7812.5,8.963608285853356
OK,2017,3803700,0.659,0.069,0.105,0.021,0.074,0.01,0.071,55010,0.126,0.04,0.017,0.612,0.8809999999999999,0.255,126374.7562,24.3,8.9,2330.0,356.0,2618.5,2258.0,66000.0,503.0,203000.0,7562.5,8.931089325002254
OK,2016,3800800,0.663,0.069,0.103,0.019,0.072,0.01,0.072,50940,0.146,0.047,0.018,0.611,0.878,0.252,123018.3421,22.5,8.9,2461.0,389.0,2626.0,2252.5,73000.0,592.0,217000.0,7728.5,8.952799456436388
OR,2022,4159500,0.718,0.017,0.144,0.045,0.007,0.004,0.065,86780,0.099,0.039,0.016,0.625,0.916,0.363,496733.323,19.7,17.0,1151.0,402.5,3107.0,3479.0,51000.0,810.25,112000.0,8139.5,9.004606882171569
OR,2021,4163500,0.721,0.018,0.14,0.045,0.007,0.004,0.065,81850,0.092,0.052,0.032,0.621,0.919,0.363,444419.1905,17.2,19.2,1228.0,437.0,3178.0,3341.5,59000.0,810.25,113000.0,8184.5,9.010119575294397
OR,2020,4146200,0.7355,0.018,0.137,0.046,0.008,0.0035,0.0525,76850,0.094,0.076,0.017,0.614,0.919,0.363,379437.8773,18.5,14.9,1867.5,517.0,3694.0,3237.0,54500.0,810.25,125666.66666666669,9315.5,9.139542300667468
OR,2019,4128900,0.75,0.018,0.134,0.047,0.009,0.003,0.04,74410,0.081,0.037,0.013,0.615,0.914,0.345,357568.7182,21.4,7.8,2611.5,689.0,4413.0,3528.0,55000.0,738.0,110000.0,11241.5,9.327456518644862
OR,2018,4110800,0.752,0.018,0.133,0.046,0.01,0.01,0.038,69170,0.0969999999999999,0.04,0.013,0.618,0.905,0.34,344125.2532,22.6,6.4,3193.0,814.0,5001.0,3958.5,53000.0,796.0,134000.0,12966.5,9.470201506225555
OR,2017,4063000,0.758,0.017,0.13,0.045,0.01,0.01,0.038,64610,0.102,0.0409999999999999,0.0139999999999999,0.624,0.91,0.337,321815.2337,19.0,9.6,3229.0,781.5,5228.0,3701.5,54000.0,816.0,141000.0,12940.0,9.46815584482167
OR,2016,4014500,0.763,0.017,0.127,0.042,0.01,0.01,0.037,59140,0.118,0.048,0.016,0.623,0.903,0.327,293495.9521,17.3,8.9,3386.5,826.0,5726.5,3640.0,55000.0,891.0,144000.0,13579.0,9.516353401112688
PA,2022,12544400,0.733,0.098,0.087,0.037,0.001,0.0,0.045,72210,0.109,0.0409999999999999,0.02,0.618,0.922,0.351,247174.4106,12.3,13.2,3948.0,587.5,3769.5,6484.0,146000.0,2978.5,394000.0,14789.0,9.601706555704846
PA,2021,12564000,0.739,0.097,0.084,0.037,0.001,0.0,0.043,72630,0.108,0.059,0.038,0.615,0.919,0.345,226270.9846,12.8,18.2,4213.0,561.0,2964.0,5612.5,169000.0,2978.5,446000.0,13350.5,9.499384017067095
PA,2020,12470800,0.7495,0.1005,0.081,0.036,0.001,0.0,0.033,70790,0.107,0.089,0.024,0.623,0.916,0.34,200400.766,11.4,18.2,35.0,6.0,39.0,30.0,157000.0,2978.5,440000.0,110.0,4.709530201312334
PA,2019,12377600,0.76,0.104,0.078,0.035,0.001,0.01,0.023,70580,0.087,0.043,0.015,0.632,0.91,0.3229999999999999,187792.248,11.5,15.7,69.5,10.0,62.0,71.5,138000.0,2624.0,435000.0,213.0,5.365976015021851
PA,2018,12388100,0.763,0.103,0.076,0.035,0.01,0.0,0.022,64520,0.118,0.044,0.017,0.627,0.91,0.318,180184.7427,14.0,18.9,141.0,28.0,125.0,112.5,157000.0,2986.0,435000.0,406.5,6.010040932680917
PA,2017,12389100,0.767,0.105,0.073,0.034,0.01,0.0,0.02,63170,0.1119999999999999,0.05,0.021,0.626,0.906,0.314,171916.2274,15.4,28.4,195.0,43.5,213.0,144.5,169000.0,3095.0,444000.0,596.0,6.391917113392602
PA,2016,12364700,0.773,0.103,0.07,0.033,0.01,0.01,0.02,60980,0.111,0.053,0.021,0.631,0.901,0.308,165788.6943,13.5,25.7,174.0,41.5,253.0,156.0,163000.0,3209.0,486000.0,624.5,6.438551329906966
RI,2022,1048800,0.68,0.045,0.179,0.032,0.0,0.0,0.062,80650,0.084,0.06,0.017,0.637,0.905,0.396,407270.5413,0.0,13.4,431.0,120.5,761.5,874.0,11000.0,297.0,23000.0,2187.0,7.690743163541872
RI,2021,1050300,0.689,0.043,0.174,0.03,0.002,0.0,0.06,74980,0.094,0.08,0.037,0.638,0.8909999999999999,0.365,363368.6169,9.4,16.8,573.0,112.5,717.5,820.5,12000.0,297.0,30000.0,2223.5,7.707287450246096
RI,2020,1033700,0.697,0.051,0.1699999999999999,0.0315,0.002,0.0,0.0465,80170,0.085,0.088,0.021,0.637,0.901,0.38,312834.2895,0.0,16.7,544.5,109.5,835.5,901.5,11666.666666666666,297.0,31000.0,2391.0,7.779885115070522
RI,2019,1017100,0.705,0.059,0.166,0.033,0.002,0.0,0.033,70150,0.092,0.083,0.015,0.644,0.893,0.348,293561.8576,0.0,12.3,656.0,129.5,1019.0,1075.5,12000.0,304.0,28000.0,2880.0,7.965892735084528
RI,2018,1014000,0.715,0.056,0.16,0.034,0.0,0.0,0.031,62270,0.089,0.092,0.017,0.645,0.8909999999999999,0.344,283383.7206,0.0,11.5,884.5,189.5,1189.5,1172.0,13000.0,304.0,36000.0,3435.5,8.14220879056166
RI,2017,1015900,0.722,0.054,0.155,0.035,0.01,0.0,0.03,66390,0.122,0.109,0.02,0.644,0.883,0.335,264991.8665,11.2,11.9,951.0,186.5,1311.0,1216.5,11000.0,297.0,34000.0,3665.0,8.20685642839965
RI,2016,1013900,0.728,0.056,0.151,0.033,0.01,0.0,0.028,61530,0.114,0.118,0.026,0.645,0.885,0.341,246941.0804,7.2,15.1,1084.0,195.5,1464.5,1243.5,11000.0,283.0,35000.0,3987.5,8.291170499351184
SC,2022,5117400,0.628,0.247,0.064,0.017,0.002,0.0,0.041,61770,0.129,0.032,0.015,0.5710000000000001,0.905,0.326,274216.2739,13.8,22.0,8064.5,1177.0,6685.5,8732.5,77000.0,568.25,211000.0,24659.5,10.112958052262988
SC,2021,5040600,0.628,0.247,0.063,0.016,0.002,0.0,0.043,62540,0.1369999999999999,0.055,0.022,0.575,0.8959999999999999,0.315,232083.0341,18.1,23.9,7921.5,1155.0,6691.0,8669.0,77000.0,568.25,221000.0,24436.5,10.103874116727722
SC,2020,5012400,0.6325000000000001,0.2545,0.06,0.0165,0.0025,0.0,0.0325,60340,0.134,0.092,0.0139999999999999,0.5770000000000001,0.894,0.317,201628.277,20.5,20.5,7707.0,1167.0,7836.0,8509.0,75333.33333333333,568.25,231166.66666666663,25219.0,10.135392609518911
SC,2019,4984200,0.637,0.262,0.057,0.017,0.003,0.0,0.022,62030,0.151,0.035,0.012,0.583,0.883,0.296,188719.9964,16.6,12.5,8427.5,1437.5,8840.5,9354.5,73000.0,583.0,215000.0,28060.0,10.242135990940184
SC,2018,4929800,0.638,0.263,0.058,0.016,0.01,0.0,0.022,57440,0.128,0.04,0.016,0.578,0.884,0.283,179330.0578,16.9,13.7,10314.5,1499.5,9584.5,9951.0,77000.0,585.0,246000.0,31349.5,10.3529854948972
SC,2017,4864600,0.64,0.267,0.056,0.015,0.01,0.0,0.02,54970,0.156,0.045,0.018,0.58,0.8740000000000001,0.28,169454.5192,14.9,12.8,10210.0,1676.5,10791.5,10177.0,74000.0,554.0,245000.0,32855.0,10.399889655636397
SC,2016,4805300,0.64,0.267,0.055,0.015,0.01,0.0,0.021,54340,0.141,0.052,0.023,0.588,0.866,0.272,161701.4455,16.0,11.0,9586.0,1753.0,11992.0,11027.0,74000.0,551.0,249000.0,34358.0,10.444619272065824
SD,2022,873400,0.801,0.019,0.046,0.014,0.072,0.0,0.045,67180,0.091,0.032,0.005,0.684,0.932,0.316,290866.7045,35.4,8.0,1409.5,162.0,1111.5,1462.5,10000.0,139.5,32000.0,4145.5,8.330019883891259
SD,2021,863800,0.802,0.02,0.04,0.015,0.076,0.0,0.045,73890,0.084,0.039,0.011,0.688,0.931,0.317,251845.9953,42.4,9.0,1575.5,207.0,955.5,1491.0,11000.0,139.5,31000.0,4229.0,8.349957272040324
SD,2020,857550,0.8105,0.0209999999999999,0.0385,0.0139999999999999,0.08,0.0,0.0345,70190,0.1159999999999999,0.06,0.013,0.6890000000000001,0.922,0.284,221331.476,29.6,8.4,1834.5,247.0,1359.5,1440.0,10166.666666666666,139.5,32833.333333333336,4881.0,8.493310250952906
SD,2019,851300,0.819,0.022,0.037,0.013,0.084,0.0,0.024,64260,0.106,0.0279999999999999,0.01,0.6940000000000001,0.921,0.297,208272.3938,36.9,11.1,2155.5,285.0,1403.5,1399.0,10000.0,153.0,31000.0,5243.0,8.56483984488359
SD,2018,848700,0.816,0.022,0.038,0.013,0.086,0.0,0.025,59460,0.106,0.034,0.01,0.6920000000000001,0.923,0.292,198422.3604,30.7,8.5,2284.5,305.5,1464.0,1347.5,10000.0,144.0,34000.0,5401.5,8.59461708838104
SD,2017,837000,0.825,0.021,0.036,0.013,0.084,0.0,0.022,56890,0.104,0.042,0.01,0.691,0.917,0.281,189437.6255,31.0,9.0,2318.5,287.5,1681.0,1305.0,10000.0,137.0,34000.0,5592.0,8.629271094821588
SD,2016,835800,0.827,0.013,0.037,0.015,0.087,0.0,0.02,57450,0.145,0.049,0.008,0.695,0.912,0.289,181737.2332,27.9,9.0,2333.0,278.0,1931.0,1370.5,10000.0,124.0,35000.0,5912.5,8.684993151691172
TN,2022,6875900,0.721,0.152,0.063,0.019,0.001,0.001,0.044,65380,0.105,0.02,0.013,0.604,0.904,0.311,297733.91,16.2,26.6,9281.0,1571.0,9615.0,13642.0,96000.0,2126.0,266000.0,34109.0,10.437345875412692
TN,2021,6796100,0.723,0.151,0.06,0.017,0.001,0.0,0.048,62170,0.106,0.026,0.024,0.605,0.897,0.305,249966.9271,16.5,27.4,9461.5,1525.0,9642.0,13886.5,108000.0,2126.0,272000.0,34515.0,10.449178263628198
TN,2020,6718500,0.7295,0.1575,0.0584999999999999,0.0175,0.002,0.0,0.035,54970,0.131,0.042,0.016,0.605,0.897,0.307,214528.5328,15.4,25.4,9129.0,1564.5,11575.0,13791.5,101166.66666666669,2126.0,301500.0,36060.0,10.49296722793131
TN,2019,6640900,0.736,0.164,0.057,0.018,0.003,0.0,0.022,56630,0.131,0.0279999999999999,0.01,0.619,0.88,0.287,197744.8719,15.5,17.3,10746.5,2012.5,13212.5,15444.0,89000.0,2077.0,291000.0,41415.5,10.6314346311378
TN,2018,6586400,0.738,0.165,0.055,0.017,0.01,0.0,0.022,56060,0.12,0.0279999999999999,0.01,0.61,0.878,0.275,184810.4038,14.7,14.1,12482.5,2162.5,14279.0,16749.5,108000.0,2068.0,331000.0,45673.5,10.729295434278791
TN,2017,6538200,0.741,0.164,0.054,0.018,0.01,0.0,0.021,55240,0.115,0.031,0.015,0.605,0.878,0.273,172208.9585,14.9,14.4,13015.5,2322.0,15325.0,17758.5,101000.0,2206.0,315000.0,48421.0,10.787709534884778
TN,2016,6467700,0.744,0.164,0.052,0.018,0.01,0.0,0.019,51340,0.149,0.03,0.019,0.602,0.87,0.261,160104.0511,14.0,13.1,12718.0,2478.5,15252.0,18436.5,105000.0,2153.0,334000.0,48885.0,10.797246335903196
TX,2022,29322500,0.389,0.115,0.405,0.054,0.001,0.001,0.036,74640,0.135,0.034,0.016,0.6409999999999999,0.861,0.3389999999999999,298431.8276,16.0,12.6,32356.5,4420.5,33153.5,48154.5,486000.0,2894.75,1412000.0,118085.0,11.679168451551492
TX,2021,28845300,0.393,0.114,0.404,0.052,0.002,0.001,0.035,67400,0.135,0.045,0.032,0.636,0.8540000000000001,0.331,253290.688,16.7,12.1,31185.0,4089.0,32582.5,48799.0,508000.0,2894.75,1441000.0,116655.5,11.666988998143184
TX,2020,28565750,0.402,0.1155,0.402,0.051,0.0025,0.001,0.027,68400,0.14,0.075,0.017,0.63,0.858,0.332,220966.253,16.0,10.2,24076.5,3559.5,31055.5,39495.0,474333.3333333333,2894.75,1490500.0,98186.5,11.494634194997976
TX,2019,28286200,0.411,0.117,0.4,0.05,0.003,0.001,0.019,67440,0.111,0.033,0.011,0.64,0.846,0.308,209784.662,15.2,5.4,20643.5,3378.5,28266.5,31275.0,434000.0,2957.0,1401000.0,83563.5,11.333374067738884
TX,2018,28024000,0.414,0.116,0.398,0.05,0.01,0.01,0.019,59790,0.1369999999999999,0.035,0.0139999999999999,0.639,0.84,0.303,200646.5253,14.3,5.7,14307.5,2203.5,19665.5,20637.0,462000.0,2907.0,1545000.0,56813.5,10.947546853820556
TX,2017,27621300,0.419,0.116,0.397,0.048,0.01,0.01,0.018,59300,0.134,0.038,0.017,0.638,0.836,0.296,188880.9498,15.2,6.5,8645.0,1149.0,9728.0,8675.0,477000.0,2855.0,1525000.0,28197.0,10.247006332425306
TX,2016,27178300,0.425,0.115,0.393,0.047,0.01,0.01,0.018,58150,0.138,0.048,0.017,0.639,0.8290000000000001,0.289,177245.5816,13.4,6.7,6322.0,927.5,8171.5,6236.5,479000.0,2860.0,1619000.0,21657.5,9.983153266079384
UT,2022,3321500,0.756,0.01,0.152,0.026,0.007,0.011,0.039,95800,0.06,0.039,0.006,0.688,0.93,0.379,527624.7927,21.1,7.3,4500.0,368.5,3643.0,3548.0,45000.0,544.5,78000.0,12059.5,9.397690928791578
UT,2021,3281800,0.76,0.01,0.147,0.025,0.006,0.008,0.044,87650,0.079,0.0559999999999999,0.012,0.68,0.932,0.368,450383.8708,21.2,9.9,4372.5,355.0,3629.5,3488.5,42000.0,544.5,76000.0,11845.5,9.379787744286531
UT,2020,3217950,0.769,0.01,0.1455,0.024,0.008,0.008,0.0355,83990,0.074,0.077,0.008,0.68,0.94,0.369,366694.0076,22.0,8.9,3971.0,320.5,3645.5,2992.0,40666.666666666664,544.5,88500.0,10929.0,9.299266581170585
UT,2019,3154100,0.778,0.01,0.144,0.023,0.01,0.008,0.027,84520,0.073,0.035,0.0069999999999999,0.685,0.93,0.348,336610.8071,26.4,7.5,4254.0,421.0,4036.5,3060.5,39000.0,460.0,91000.0,11772.0,9.373564053078196
UT,2018,3105900,0.78,0.012,0.141,0.023,0.01,0.01,0.026,77070,0.069,0.039,0.0069999999999999,0.685,0.924,0.349,312339.5735,23.5,11.8,5134.0,453.5,4151.5,3173.5,34000.0,483.0,87000.0,12912.5,9.46602855476612
UT,2017,3047400,0.785,0.011,0.14,0.024,0.01,0.01,0.023,71320,0.086,0.043,0.011,0.688,0.921,0.346,285466.6319,25.0,13.1,5258.5,515.5,4554.0,3071.5,42000.0,594.0,98000.0,13399.5,9.50304729867571
UT,2016,2999300,0.788,0.01,0.138,0.024,0.01,0.01,0.024,67480,0.086,0.047,0.012,0.684,0.917,0.326,262777.5188,20.6,11.0,4976.5,531.0,5041.0,3213.0,42000.0,641.0,101000.0,13761.5,9.529702781030936
VT,2022,624300,0.904,0.008,0.022,0.015,0.0,0.0,0.049,72190,0.09,0.024,0.01,0.636,0.95,0.442,363019.3169,14.9,18.3,103.0,38.5,303.5,415.5,6000.0,206.75,13000.0,860.5,6.758675055967984
VT,2021,619700,0.906,0.011,0.02,0.018,0.0,0.0,0.044,76080,0.075,0.0279999999999999,0.021,0.624,0.945,0.444,320137.2335,12.5,21.6,99.0,60.0,326.5,385.5,7000.0,206.75,12000.0,871.0,6.77078942390898
VT,2020,608900,0.917,0.011,0.019,0.017,0.0,0.0,0.032,67260,0.086,0.048,0.01,0.636,0.942,0.421,277080.2746,17.6,18.96666666666667,87.5,36.5,308.5,344.5,6333.333333333333,206.75,13833.333333333334,777.0,6.656726524178391
VT,2019,598100,0.928,0.011,0.018,0.016,0.007,0.0,0.02,74310,0.086,0.025,0.005,0.664,0.931,0.387,262325.7031,12.7,18.96666666666667,137.0,44.5,413.5,430.5,5000.0,179.0,11000.0,1025.5,6.933910236458988
VT,2018,600600,0.929,0.011,0.018,0.019,0.01,0.0,0.019,70070,0.0969999999999999,0.0289999999999999,0.009,0.67,0.935,0.387,255729.6967,14.7,18.96666666666667,182.0,76.0,440.5,428.5,6000.0,223.0,14000.0,1127.0,7.028201432058005
VT,2017,600200,0.931,0.012,0.017,0.017,0.0,0.0,0.02,63810,0.102,0.032,0.01,0.6729999999999999,0.926,0.3829999999999999,245043.4988,15.9,17.0,206.0,38.5,429.5,341.5,6000.0,219.0,16000.0,1015.5,6.9241206330684015
VT,2016,599600,0.935,0.01,0.019,0.011,0.01,0.0,0.023,60840,0.096,0.034,0.009,0.6709999999999999,0.921,0.364,234555.1117,12.3,18.96666666666667,245.0,45.5,505.0,375.5,8000.0,206.0,17000.0,1171.0,7.066466970136958
VA,2022,8332800,0.589,0.182,0.104,0.07,0.001,0.001,0.054,85170,0.083,0.023,0.011,0.65,0.915,0.422,355529.9821,15.3,14.1,5432.0,1690.5,8167.5,10491.5,106000.0,1018.25,234000.0,25781.5,10.157451246190224
VA,2021,8305000,0.595,0.177,0.102,0.068,0.002,0.001,0.056,80270,0.098,0.036,0.025,0.636,0.914,0.418,323129.4257,17.2,18.0,5442.5,1466.5,7373.0,9666.0,99000.0,1018.25,243000.0,23948.0,10.083681848313908
VA,2020,8245050,0.604,0.183,0.099,0.0675,0.002,0.0055,0.0445,82210,0.078,0.057,0.015,0.642,0.914,0.42,287445.5725,16.7,16.8,9720.0,1648.0,8599.0,9662.5,96000.0,1018.25,249000.0,29629.5,10.296559515214298
VA,2019,8185100,0.613,0.189,0.096,0.067,0.002,0.01,0.033,81310,0.088,0.021,0.01,0.6579999999999999,0.9,0.396,271844.5169,14.3,10.3,13195.5,2166.5,11096.0,11322.0,83000.0,1003.0,245000.0,37780.0,10.539561609736436
VA,2018,8182100,0.615,0.186,0.095,0.066,0.01,0.01,0.036,77150,0.098,0.025,0.01,0.653,0.899,0.3929999999999999,262096.8427,17.1,8.4,14484.5,2279.5,11923.5,11912.0,91000.0,1031.0,252000.0,40599.5,10.611535660784927
VA,2017,8140700,0.619,0.185,0.093,0.066,0.01,0.01,0.035,71290,0.103,0.03,0.015,0.657,0.897,0.387,252704.6926,14.5,10.6,14172.0,2560.0,13233.0,12340.5,94000.0,1055.0,258000.0,42305.5,10.65269601753182
VA,2016,8080900,0.623,0.185,0.091,0.064,0.01,0.01,0.034,66450,0.114,0.031,0.017,0.65,0.893,0.381,244112.756,14.2,12.2,13461.0,2691.5,14808.0,13249.0,103000.0,984.0,262000.0,44209.5,10.696717596414784
WA,2022,7602300,0.636,0.038,0.14,0.098,0.009,0.006,0.073,89430,0.09,0.0279999999999999,0.018,0.64,0.922,0.395,581736.2384,14.2,21.8,1344.0,491.0,7474.0,7954.5,96000.0,1443.25,185000.0,17263.5,9.756407649080378
WA,2021,7552200,0.646,0.037,0.136,0.094,0.007,0.006,0.073,87650,0.077,0.039,0.03,0.63,0.923,0.39,511119.2962,19.0,21.0,1213.5,495.0,6637.0,7017.5,100000.0,1443.25,198000.0,15363.0,9.639782389465797
WA,2020,7488050,0.6605000000000001,0.0375,0.133,0.0915,0.009,0.006,0.0615,81360,0.0819999999999999,0.065,0.02,0.637,0.921,0.384,429989.6745,16.5,18.8,2334.5,662.5,8531.0,7561.0,92666.66666666669,1443.25,206000.0,19089.0,9.856919916719791
WA,2019,7423900,0.675,0.038,0.13,0.089,0.011,0.006,0.05,82450,0.07,0.0279999999999999,0.0139999999999999,0.657,0.917,0.37,395550.8636,16.1,12.1,3185.5,899.0,9361.0,8781.0,84000.0,1519.0,197000.0,22226.5,10.009085539995294
WA,2018,7368000,0.679,0.037,0.129,0.088,0.011,0.01,0.05,79730,0.086,0.03,0.017,0.642,0.916,0.367,375950.1166,19.4,10.0,3682.0,995.5,10881.0,9295.0,89000.0,1480.0,204000.0,24853.5,10.120794101649706
WA,2017,7239800,0.687,0.034,0.127,0.085,0.01,0.01,0.051,75420,0.099,0.037,0.017,0.637,0.913,0.355,340521.3649,21.5,9.8,3869.5,973.5,12021.0,8962.0,88000.0,1412.0,232000.0,25826.0,10.159175735326064
WA,2016,7124100,0.695,0.034,0.124,0.081,0.011,0.01,0.049,70310,0.11,0.04,0.02,0.637,0.908,0.351,306855.0345,16.8,8.6,4068.0,940.5,12751.0,8642.5,99000.0,1362.0,220000.0,26402.0,10.18123291904192
WV,2022,1718800,0.904,0.029,0.019,0.007,0.0,0.0,0.04,52460,0.155,0.0409999999999999,0.017,0.544,0.8909999999999999,0.248,152622.346,17.0,20.5,1084.0,106.0,1012.5,1205.5,28000.0,901.0,86000.0,3408.0,8.134174272137903
WV,2021,1733000,0.906,0.025,0.017,0.008,0.0,0.0,0.043,46840,0.1689999999999999,0.052,0.03,0.5379999999999999,0.888,0.241,140478.1797,19.3,37.1,1229.0,103.5,1008.5,1189.5,31000.0,901.0,73000.0,3530.5,8.169477988848977
WV,2020,1736000,0.9155,0.0285,0.0155,0.008,0.0,0.0,0.0305,51970,0.142,0.085,0.024,0.5379999999999999,0.8909999999999999,0.231,123764.9317,18.5,21.8,1134.5,104.0,1014.5,1132.0,32000.0,901.0,83000.0,3385.0,8.12740456269308
WV,2019,1739000,0.925,0.032,0.014,0.008,0.002,0.0,0.018,53710,0.139,0.042,0.018,0.547,0.871,0.211,118521.2225,17.5,23.5,1068.5,124.0,1060.0,1125.5,30000.0,927.0,70000.0,3378.0,8.12533508671429
WV,2018,1752300,0.925,0.036,0.013,0.008,0.01,0.0,0.018,50570,0.159,0.044,0.02,0.544,0.878,0.213,115875.9069,19.1,25.0,1378.5,159.5,1345.0,1271.5,34000.0,904.0,87000.0,4154.5,8.332188036993081
WV,2017,1762100,0.926,0.037,0.012,0.01,0.01,0.0,0.016,45390,0.173,0.046,0.024,0.535,0.871,0.2019999999999999,112069.1212,14.3,26.9,1688.5,259.5,1838.0,1663.5,34000.0,904.0,94000.0,5449.5,8.603462626568414
WV,2016,1781700,0.924,0.034,0.014,0.01,0.01,0.0,0.019,44350,0.18,0.052,0.0279999999999999,0.5329999999999999,0.86,0.208,111124.9657,14.5,27.3,1639.5,292.0,2301.5,1820.5,35000.0,869.0,88000.0,6053.5,8.70855707619442
WI,2022,5757500,0.791,0.057,0.076,0.029,0.006,0.0,0.041,73330,0.066,0.039,0.011,0.655,0.935,0.332,271266.0682,14.6,13.3,6789.0,616.5,5906.5,5605.0,58000.0,825.5,156000.0,18917.0,9.847869128773116
WI,2021,5754400,0.793,0.058,0.075,0.03,0.005,0.0,0.039,69940,0.093,0.052,0.022,0.6609999999999999,0.933,0.325,247049.3372,16.5,14.6,6624.0,695.5,5778.5,5812.5,66000.0,825.5,168000.0,18910.5,9.847525481616058
WI,2020,5715750,0.802,0.06,0.073,0.03,0.006,0.0,0.0295,67410,0.08,0.083,0.0139999999999999,0.6609999999999999,0.931,0.318,218548.4436,15.9,12.9,5760.0,645.0,5794.5,5052.5,60500.0,825.5,174500.0,17252.0,9.755741320381864
WI,2019,5677100,0.811,0.062,0.071,0.03,0.007,0.0,0.02,67350,0.084,0.049,0.009,0.6679999999999999,0.928,0.313,204646.6924,14.6,10.3,5672.5,679.5,5773.5,4892.0,57000.0,770.0,168000.0,17017.5,9.742056266633677
WI,2018,5662800,0.812,0.062,0.07,0.028,0.01,0.01,0.021,62630,0.086,0.052,0.01,0.6729999999999999,0.921,0.3,192541.3011,13.3,8.4,5594.5,675.0,5758.5,4863.0,59000.0,787.0,175000.0,16891.0,9.734595416053834
WI,2017,5643000,0.815,0.058,0.068,0.03,0.01,0.0,0.021,63450,0.095,0.052,0.012,0.68,0.924,0.304,181046.323,14.6,12.8,5165.5,645.5,6406.0,5099.5,62000.0,824.0,182000.0,17316.5,9.75947282989676
WI,2016,5623300,0.819,0.06,0.067,0.027,0.01,0.0,0.019,59820,0.107,0.061,0.017,0.6809999999999999,0.919,0.295,171104.8284,17.8,13.7,4734.5,608.0,6279.0,4733.0,61000.0,921.0,198000.0,16354.5,9.702319511195794
WY,2022,565300,0.819,0.007,0.109,0.006,0.016,0.0,0.043,73090,0.071,0.0289999999999999,0.0139999999999999,0.64,0.937,0.296,326797.5156,33.1,16.95,557.5,34.5,451.0,629.0,6000.0,149.75,18000.0,1672.0,7.422373700986824
WY,2021,563500,0.813,0.009,0.106,0.007,0.017,0.0,0.048,71050,0.094,0.039,0.02,0.637,0.936,0.292,295169.9944,44.8,14.5,547.0,28.5,427.5,655.0,5000.0,149.75,17000.0,1658.0,7.413970290190444
WY,2020,563100,0.8254999999999999,0.0095,0.1035,0.0065,0.0195,0.0,0.0345,65450,0.0969999999999999,0.065,0.016,0.653,0.938,0.282,268151.0379,29.2,16.95,116.0,8.0,97.0,105.0,6666.666666666667,149.75,16833.333333333332,326.0,5.7899601708972535
WY,2019,562700,0.838,0.01,0.101,0.006,0.022,0.0,0.021,65130,0.092,0.032,0.009,0.657,0.945,0.291,251972.9787,28.2,16.95,53.0,3.5,38.0,47.5,8000.0,143.0,15000.0,142.0,4.962844630259907
