state,year,total_pop,white_pop,black_pop,hispanic_pop,asian_pop,native_pop,islander_pop,multi_race_pop,median_income,poverty_rate,unemployment_rate,unemployed_15_weeks,labor_force_participation_rate,hs_grad_rate,bachelors_grad_rate,zhvi,crude_rate_suicide,crude_rate_od,offender_age,count:__crimes_against_society,count:__fraud_and_other_financial_crimes,count:__property_crime,count:__violent_crime,rate:__crimes_against_society,rate:__fraud_and_other_financial_crimes,rate:__property_crime,rate:__violent_crime,youth_not_in_school,youth_in_foster_care,youth_living_in_poverty
AL,2022,4916000,0.645,0.252,0.048,0.014,0.002,,0.039,59910,13.6,2.5,1.2,57.0,88.8,28.8,217335.1989,11.9,12.5,15-24,9608.0,1827.0,12861.0,15169.0,189.36,36.01,253.48,298.96,73000.0,,240000.0
AL,2021,4900800,0.644,0.255,0.047,0.013,0.004,,0.037,56930,15.9,3.4,2.0,56.6,87.9,27.4,193148.7979,14.2,14.6,15-24,6473.0,1236.0,11104.0,11055.0,128.17,24.48,219.86,218.9,86000.0,,245000.0
AL,2020,0,0.0,0,0.0,0.0,0,0,0.0,54690,14.9,6.4,1.4,57.2,88.0,27.8,169855.5743,15.2,12.8,15-24,654.0,90.0,650.0,839.0,13.0,1.79,12.91,16.67,,,
AL,2019,4767100,0.654,0.265,0.044,0.014,0.004,,0.019,56200,12.9,3.2,1.4,57.7,87.1,26.3,157202.1806,14.8,8.3,15-24,188.0,61.0,342.0,217.0,3.74,1.21,6.8,4.32,74000.0,800.0,228000.0
AL,2018,4752600,0.656,0.265,0.043,0.013,<.01,,0.019,49940,16.0,3.9,1.6,57.3,86.6,25.5,148927.5094,17.0,6.7,15-24,66.0,31.0,74.0,105.0,1.31,0.62,1.47,2.09,86000.0,829.0,255000.0
AL,2017,4741400,0.658,0.266,0.041,0.013,<.01,,0.017,51110,15.0,4.5,2.2,56.7,86.5,25.5,143217.6293,14.3,10.2,15-24,330.0,27.0,117.0,191.0,6.57,0.54,2.33,3.8,88000.0,813.0,265000.0
AL,2016,4730100,0.66,0.265,0.041,0.012,0.01,,0.017,47220,16.2,5.9,2.6,56.5,85.1,24.7,139181.9175,14.1,9.5,15-24,198.0,42.0,159.0,234.0,3.94,0.84,3.17,4.66,85000.0,835.0,266000.0
AK,2022,698600,0.577,0.028,0.073,0.061,0.128,0.016,0.116,89740,9.6,4.2,1.7,64.8,93.3,30.6,354599.5176,44.2,18.5,15-24,313.0,75.0,844.0,1296.0,42.69,10.22,115.1,176.75,13000.0,,24000.0
AK,2021,698700,0.579,0.026,0.067,0.07,0.138,0.015,0.105,81130,11.4,6.4,3.4,64.5,93.3,32.8,331952.2319,61.6,26.1,15-24,329.0,77.0,849.0,1302.0,44.76,10.48,115.53,177.17,15000.0,,22000.0
AK,2020,0,0.0,0,0.0,0.0,0,0,0.0,74750,13.4,8.4,2.0,63.7,93.7,31.9,315637.682,48.2,23.1,,,,,,,,,,,,
AK,2019,701700,0.6,0.022,0.07,0.06,0.151,0.015,0.083,78390,10.2,5.6,2.2,64.6,93.6,30.2,304538.8099,56.0,,,,,,,,,,,13000.0,213.0,23000.0
AK,2018,709100,0.601,0.029,0.071,0.061,0.156,0.011,0.072,68730,13.1,6.0,2.6,65.2,93.3,30.2,287105.3743,42.3,11.1,,,,,,,,,,14000.0,208.0,25000.0
AK,2017,710100,0.61,0.025,0.067,0.066,0.134,0.01,0.089,72230,14.4,6.5,2.8,66.0,91.7,28.8,282881.3414,44.3,11.8,,,,,,,,,,13000.0,218.0,27000.0
AK,2016,714900,0.614,0.029,0.067,0.06,0.15,0.012,0.068,75720,12.6,6.6,2.3,66.3,93.1,29.6,280635.4971,45.6,16.1,,,,,,,,,,17000.0,207.0,26000.0
AZ,2022,7189700,0.518,0.043,0.325,0.035,0.033,0.001,0.044,73450,12.7,3.8,1.4,61.5,89.2,33.0,438658.733,19.1,20.0,15-24,7140.0,748.0,8154.0,10551.0,96.94,10.16,110.7,143.24,108000.0,,247000.0
AZ,2021,7107300,0.521,0.041,0.324,0.033,0.033,0.002,0.047,70820,12.6,5.1,3.1,61.3,89.0,32.4,363213.0556,20.0,30.9,15-24,5407.0,591.0,6487.0,8037.0,74.35,8.13,89.2,110.51,105000.0,,275000.0
AZ,2020,0,0.0,0,0.0,0.0,0,0,0.0,67090,10.9,7.8,1.8,61.4,89.1,33.0,293697.0823,19.0,37.6,15-24,3932.0,265.0,3218.0,3350.0,54.71,3.69,44.78,46.61,,,
AZ,2019,7098000,0.542,0.043,0.318,0.033,0.039,0.002,0.024,70670,9.9,4.8,1.6,62.0,87.6,30.2,267616.8857,15.7,27.2,15-24,1384.0,99.0,1243.0,1001.0,19.33,1.38,17.36,13.99,106000.0,1496.0,308000.0
AZ,2018,7004300,0.545,0.042,0.316,0.032,0.039,<.01,0.024,62280,12.8,4.8,1.7,61.2,87.5,29.7,250544.9546,20.2,21.8,15-24,1387.0,103.0,1226.0,991.0,19.38,1.44,17.13,13.85,116000.0,1570.0,325000.0
AZ,2017,6841300,0.55,0.04,0.313,0.032,0.038,<.01,0.025,61130,13.2,5.0,1.8,60.6,87.2,29.4,232765.8344,17.1,15.1,15-24,1679.0,142.0,1374.0,940.0,23.46,1.98,19.19,13.14,109000.0,1659.0,332000.0
AZ,2016,6760900,0.555,0.04,0.309,0.032,0.04,<.01,0.023,57100,16.1,5.5,1.9,60.4,86.7,28.9,217921.8948,16.0,15.0,15-24,1415.0,97.0,1315.0,899.0,19.76,1.36,18.37,12.56,114000.0,1785.0,379000.0
AR,2022,2952900,0.677,0.141,0.085,0.015,0.004,0.004,0.074,53980,16.6,3.2,1.3,57.3,89.1,25.4,194822.9277,14.2,10.6,15-24,6056.0,1051.0,9922.0,11837.0,198.8,34.5,325.69,388.56,58000.0,,151000.0
AR,2021,2936400,0.683,0.144,0.083,0.014,0.004,0.004,0.068,50780,16.8,4.0,2.2,56.5,88.7,25.3,174401.6205,16.7,9.7,15-24,6463.0,1057.0,10281.0,12184.0,213.41,34.91,339.48,402.32,56000.0,,155000.0
AR,2020,0,0.0,0,0.0,0.0,0,0,0.0,50780,14.1,6.2,1.4,57.3,88.2,24.9,154522.835,19.6,10.5,15-24,6632.0,1348.0,11353.0,11689.0,220.02,44.72,376.63,387.78,,,
AR,2019,2922500,0.721,0.152,0.078,0.016,0.006,0.004,0.024,54540,14.1,3.5,1.0,58.1,87.5,23.3,145709.227,21.9,8.0,15-24,7783.0,1303.0,12223.0,12191.0,258.45,43.27,405.88,404.81,46000.0,456.0,151000.0
AR,2018,2921300,0.722,0.15,0.077,0.015,0.01,<.01,0.027,49780,15.9,3.7,1.2,57.9,87.2,23.3,140198.8967,16.3,9.8,15-24,8729.0,1549.0,13266.0,12532.0,289.86,51.44,440.52,416.14,54000.0,470.0,171000.0
AR,2017,2910000,0.725,0.149,0.076,0.017,0.01,<.01,0.027,48830,14.8,3.7,1.3,58.3,86.7,23.4,135134.5919,22.4,9.7,15-24,8688.0,1477.0,13350.0,12154.0,288.5,49.05,443.3,403.59,54000.0,442.0,156000.0
AR,2016,2895400,0.73,0.153,0.073,0.014,0.01,<.01,0.022,45910,16.0,4.0,1.7,58.1,86.0,22.4,130786.0634,15.4,7.5,15-24,8388.0,1533.0,14979.0,13182.0,278.53,50.9,497.4,437.72,57000.0,465.0,165000.0
CA,2022,38187000,0.337,0.051,0.404,0.153,0.002,0.003,0.049,85300,11.2,4.3,2.4,61.8,84.7,37.0,738501.98,8.8,14.9,15-24,15067.0,2955.0,19680.0,31248.0,38.59,7.57,50.41,80.04,522000.0,,1278000.0
CA,2021,38379200,0.342,0.051,0.403,0.151,0.002,0.003,0.047,81580,11.9,7.3,4.9,61.1,84.4,36.2,650386.5632,9.9,18.9,15-24,8335.0,1423.0,10018.0,16248.0,21.29,3.63,25.59,41.5,570000.0,,1363000.0
CA,2020,0,0.0,0,0.0,0.0,0,0,0.0,77650,11.1,10.2,2.6,60.9,84.4,36.9,562502.2309,9.3,19.4,,,,,,,,,,,,
CA,2019,38642700,0.364,0.053,0.395,0.147,0.004,0.004,0.033,78100,10.1,4.1,1.6,62.4,84.0,35.0,536110.7286,9.6,10.3,,,,,,,,,,482000.0,9333.0,1364000.0
CA,2018,38745900,0.367,0.054,0.394,0.146,<.01,<.01,0.033,70490,11.9,4.3,1.7,62.3,83.8,34.2,521103.4073,9.9,6.6,,,,,,,,,,512000.0,10151.0,1541000.0
CA,2017,38713900,0.37,0.053,0.393,0.145,<.01,<.01,0.033,69760,12.4,4.8,2.0,62.3,83.3,33.6,475721.1933,9.8,6.4,,,,,,,,,,545000.0,8540.0,1619000.0
CA,2016,38442400,0.375,0.054,0.39,0.142,<.01,<.01,0.033,66640,13.9,5.5,2.4,62.2,82.4,32.9,439544.1693,9.1,6.5,,,,,,,,,,560000.0,10266.0,1785000.0
CO,2022,5695100,0.65,0.036,0.226,0.031,0.004,0.001,0.052,89930,8.1,3.1,1.3,68.2,93.0,45.9,546611.9753,19.2,20.4,15-24,6716.0,1877.0,15521.0,13420.0,114.98,32.13,265.72,229.75,60000.0,,133000.0
CO,2021,5664200,0.653,0.036,0.222,0.031,0.003,0.002,0.053,84950,7.9,5.5,2.9,68.1,92.4,44.4,475613.7751,24.6,25.3,15-24,6058.0,1957.0,15308.0,13459.0,104.24,33.67,263.4,231.59,73000.0,,145000.0
CO,2020,0,0.0,0,0.0,0.0,0,0,0.0,83780,9.5,6.8,1.4,67.3,92.7,44.2,411694.4001,26.4,22.6,15-24,6131.0,2138.0,16085.0,12092.0,105.98,36.96,278.04,209.01,,,
CO,2019,5611800,0.678,0.038,0.218,0.032,0.005,0.001,0.028,72500,9.3,2.7,1.0,68.7,92.4,42.7,389875.7836,25.0,12.9,15-24,8643.0,2686.0,17194.0,12437.0,149.7,46.52,297.8,215.4,58000.0,1305.0,135000.0
CO,2018,5555200,0.68,0.038,0.216,0.032,<.01,<.01,0.028,73030,9.1,3.1,1.0,68.6,91.9,41.7,371962.9629,24.4,10.9,15-24,10508.0,2705.0,18883.0,13423.0,182.0,46.85,327.05,232.49,61000.0,1467.0,149000.0
CO,2017,5461100,0.683,0.038,0.216,0.031,0.01,<.01,0.026,74170,7.7,2.6,1.0,67.7,91.6,41.2,346114.1716,23.0,12.1,15-24,11032.0,2825.0,20245.0,13095.0,191.07,48.93,350.65,226.8,59000.0,1522.0,149000.0
CO,2016,5398100,0.687,0.039,0.213,0.031,0.01,<.01,0.025,70570,8.5,3.1,1.4,66.9,91.4,39.9,317127.9619,22.5,11.7,15-24,11322.0,2927.0,22499.0,12664.0,196.09,50.69,389.68,219.34,70000.0,1594.0,166000.0
CT,2022,3506600,0.62,0.097,0.183,0.047,0.001,,0.052,90730,10.2,4.1,2.1,65.2,91.5,41.9,342689.2251,7.5,9.0,15-24,1572.0,305.0,3259.0,5423.0,43.56,8.45,90.31,150.27,42000.0,,90000.0
CT,2021,3501500,0.628,0.097,0.178,0.047,0.001,,0.049,80960,8.0,6.4,4.1,63.1,91.1,42.1,307588.2668,11.0,15.0,15-24,1817.0,293.0,3329.0,5400.0,50.42,8.13,92.38,149.85,38000.0,,92000.0
CT,2020,0,0.0,0,0.0,0.0,0,0,0.0,79430,11.2,8.0,2.3,64.5,91.6,42.4,267623.1647,6.1,17.3,15-24,2057.0,326.0,3582.0,4806.0,57.5,9.12,100.12,134.34,,,
CT,2019,3453300,0.657,0.1,0.169,0.046,0.002,,0.026,87290,8.3,3.6,1.8,66.3,90.7,39.8,256126.0858,9.4,14.2,15-24,3420.0,504.0,4422.0,5601.0,94.84,13.98,122.64,155.33,36000.0,909.0,101000.0
CT,2018,3466300,0.663,0.099,0.166,0.047,<.01,,0.024,72810,10.2,3.9,2.2,66.1,90.9,39.6,252882.7736,8.2,15.3,15-24,3637.0,505.0,4599.0,5554.0,100.86,14.0,127.54,154.03,39000.0,931.0,102000.0
CT,2017,3478700,0.667,0.097,0.163,0.045,<.01,,0.027,72780,10.9,4.4,2.1,66.3,90.4,38.7,247159.3384,10.5,18.7,15-24,3937.0,521.0,5135.0,5433.0,109.19,14.45,142.4,150.67,43000.0,1025.0,93000.0
CT,2016,3465100,0.676,0.098,0.158,0.045,<.01,,0.022,75920,9.8,4.9,2.6,65.9,90.5,38.6,241427.0393,6.9,13.9,15-24,4295.0,597.0,5507.0,5703.0,119.11,16.55,152.72,158.16,38000.0,1059.0,96000.0
DE,2022,990700,0.59,0.211,0.103,0.041,0.001,,0.054,80750,9.3,4.2,2.3,60.7,92.0,36.5,359641.9998,8.8,18.5,15-24,2464.0,582.0,3021.0,3503.0,241.69,57.09,296.34,343.61,9000.0,,26000.0
DE,2021,974100,0.595,0.203,0.102,0.041,,,0.057,68690,11.7,5.5,3.2,61.3,91.4,35.6,322658.1464,20.7,13.3,15-24,2347.0,538.0,3030.0,3467.0,233.56,53.54,301.53,345.01,8000.0,,35000.0
DE,2020,0,0.0,0,0.0,0.0,0,0,0.0,70020,10.5,7.5,2.1,61.4,91.0,34.7,281167.5744,10.2,18.6,15-24,2800.0,537.0,3570.0,3474.0,282.3,54.14,359.93,350.25,,,
DE,2019,940300,0.614,0.218,0.097,0.039,0.003,,0.028,74190,6.5,3.6,1.4,62.1,90.3,33.2,271369.2211,,19.6,15-24,4500.0,759.0,3980.0,4093.0,454.57,76.67,402.04,413.46,11000.0,133.0,32000.0
DE,2018,937700,0.621,0.213,0.095,0.042,<.01,,0.025,65010,7.4,3.7,1.5,62.1,89.8,31.3,263962.1268,17.7,13.5,15-24,4262.0,865.0,4144.0,4084.0,430.52,87.38,418.61,412.55,12000.0,155.0,37000.0
DE,2017,931700,0.626,0.212,0.092,0.04,,,0.027,62320,9.2,4.5,2.0,62.2,90.6,31.5,257027.958,11.6,25.0,15-24,4421.0,1131.0,4525.0,4479.0,446.59,114.25,457.1,452.45,13000.0,153.0,37000.0
DE,2016,924300,0.63,0.207,0.092,0.04,<.01,,0.027,58050,11.6,4.5,2.2,62.2,89.3,31.0,246807.4383,9.9,18.2,15-24,4430.0,1246.0,5596.0,4755.0,447.5,125.86,565.28,480.33,15000.0,127.0,35000.0
DC,2022,638600,0.363,0.422,0.119,0.039,,,0.055,101700,13.4,4.8,3.1,70.9,93.7,65.4,641893.9153,,15.4,15-24,1354.0,111.0,2352.0,4274.0,201.8,16.55,350.55,637.01,5000.0,,21000.0
DC,2021,633400,0.359,0.431,0.115,0.038,,,0.055,90640,14.0,6.9,4.0,69.2,92.8,63.0,629874.4722,,16.0,15-24,482.0,56.0,964.0,1964.0,72.05,8.37,144.09,293.56,11000.0,,29000.0
DC,2020,0,0.0,0,0.0,0.0,0,0,0.0,88220,16.8,7.9,3.1,69.7,93.8,63.6,595207.3612,,12.6,15-24,125.0,3.0,181.0,428.0,18.64,0.45,26.99,63.8,,,
DC,2019,671300,0.367,0.45,0.112,0.037,0.003,,0.031,93110,12.5,5.5,3.2,71.2,91.9,59.7,570990.8234,,,15-24,322.0,3.0,397.0,968.0,46.7,0.44,57.57,140.39,12000.0,109.0,24000.0
DC,2018,667900,0.367,0.449,0.113,0.036,,,0.034,85750,14.7,5.7,3.1,70.4,92.1,60.4,555379.0998,,,15-24,189.0,6.0,311.0,725.0,27.41,0.87,45.1,105.14,9000.0,122.0,29000.0
DC,2017,657600,0.36,0.459,0.11,0.041,<.01,,0.028,83380,13.6,6.1,3.5,70.5,90.2,57.3,527460.6647,,,15-24,182.0,10.0,332.0,774.0,26.4,1.45,48.15,112.24,11000.0,139.0,32000.0
DC,2016,644400,0.359,0.468,0.111,0.037,,,0.023,70980,16.3,6.2,3.9,69.9,90.5,56.8,506381.6645,,,15-24,213.0,11.0,387.0,819.0,30.89,1.6,56.12,118.78,13000.0,155.0,31000.0
FL,2022,21693500,0.508,0.144,0.273,0.028,0.001,0,0.046,65370,13.5,3.0,1.4,59.1,89.9,34.3,371953.6143,11.9,12.9,15-24,8067.0,1820.0,11574.0,18299.0,36.27,8.18,52.03,82.26,268000.0,,723000.0
FL,2021,21304700,0.512,0.144,0.27,0.028,0.001,0,0.046,59730,12.6,4.7,3.1,58.2,89.8,33.2,297663.9865,12.9,15.3,15-24,3692.0,857.0,4719.0,8535.0,16.91,3.92,21.61,39.09,267000.0,,753000.0
FL,2020,0,0.0,0,0.0,0.0,0,0,0.0,57760,13.3,8.2,1.9,57.6,89.6,33.7,255509.333,12.7,15.9,,,,,,,,,,,,
FL,2019,20992000,0.53,0.15,0.266,0.027,0.002,0.001,0.024,58370,11.5,3.3,1.3,59.4,88.4,30.7,241243.1872,12.0,11.5,,,,,,,,,,249000.0,2592.0,737000.0
FL,2018,20843500,0.533,0.151,0.263,0.027,<.01,<.01,0.024,54640,13.7,3.7,1.5,59.3,88.5,30.4,229287.1644,12.1,10.0,,,,,,,,,,268000.0,1858.0,819000.0
FL,2017,20532300,0.539,0.151,0.258,0.028,<.01,<.01,0.023,53680,13.7,4.3,2.0,59.3,88.4,29.7,213056.9819,11.8,12.3,,,,,,,,,,266000.0,2080.0,840000.0
FL,2016,20144000,0.547,0.151,0.251,0.027,<.01,<.01,0.022,51180,13.0,4.9,2.5,59.2,87.4,28.6,197113.9598,10.7,14.2,,,,,,,,,,267000.0,2035.0,859000.0
GA,2022,10609800,0.498,0.306,0.104,0.044,0.001,0.001,0.047,67730,11.7,3.1,1.5,61.5,89.5,34.7,306191.9454,15.0,13.3,15-24,14910.0,3909.0,19304.0,23865.0,136.63,35.82,176.88,218.68,162000.0,,411000.0
GA,2021,10478300,0.503,0.303,0.1,0.043,0.002,0,0.048,61500,14.0,3.9,2.3,61.6,89.0,34.6,254243.6412,17.9,13.4,15-24,14647.0,3324.0,18517.0,22623.0,135.74,30.8,171.61,209.66,175000.0,,502000.0
GA,2020,0,0.0,0,0.0,0.0,0,0,0.0,59270,13.3,6.5,1.7,61.3,89.3,34.8,215181.106,15.6,9.8,15-24,10619.0,2493.0,16097.0,17769.0,98.94,23.23,149.98,165.57,,,
GA,2019,10294000,0.52,0.313,0.098,0.041,0.002,0.001,0.025,56630,12.1,3.6,1.5,63.0,87.9,32.5,200421.846,13.7,5.8,15-24,3551.0,681.0,4896.0,4421.0,33.15,6.36,45.7,41.26,169000.0,1381.0,461000.0
GA,2018,10212800,0.525,0.309,0.097,0.041,<.01,<.01,0.025,55820,14.8,4.0,1.7,63.3,87.6,31.9,186666.2804,14.1,6.3,15-24,85.0,7.0,42.0,31.0,0.79,0.07,0.39,0.29,166000.0,1400.0,505000.0
GA,2017,10121400,0.529,0.309,0.096,0.04,<.01,,0.024,57020,13.3,4.8,2.2,63.9,87.0,30.9,171820.303,13.5,8.7,,,,,,,,,,172000.0,1388.0,519000.0
GA,2016,10001000,0.534,0.308,0.094,0.038,<.01,<.01,0.023,53530,15.4,5.5,2.7,62.4,86.4,30.5,161439.0559,14.8,7.2,,,,,,,,,,167000.0,1311.0,566000.0
HI,2022,1369500,0.195,0.011,0.108,0.359,0.001,0.094,0.232,91010,8.8,3.3,2.0,59.9,92.9,35.4,833701.3861,19.0,,15-24,495.0,131.0,1059.0,1745.0,34.39,9.11,73.57,121.23,16000.0,,37000.0
HI,2021,1365100,0.196,0.013,0.109,0.375,,0.097,0.209,82200,10.9,6.0,6.0,59.6,92.9,35.3,707129.0512,14.4,,15-24,508.0,149.0,1133.0,1785.0,35.12,10.3,78.31,123.38,18000.0,,41000.0
HI,2020,0,0.0,0,0.0,0.0,0,0,0.0,80830,10.9,11.8,2.6,59.2,93.3,35.5,631796.4826,14.8,6.2,15-24,321.0,71.0,684.0,1023.0,22.12,4.89,47.14,70.5,,,
HI,2019,1343000,0.204,0.012,0.103,0.394,0.001,0.102,0.184,88010,8.4,2.5,0.9,61.0,92.4,33.6,615234.3835,13.9,,15-24,434.0,120.0,1173.0,1405.0,29.82,8.24,80.61,96.54,17000.0,260.0,36000.0
HI,2018,1354800,0.206,0.015,0.105,0.379,,0.096,0.199,80110,9.2,2.4,0.8,61.6,92.0,33.5,604315.8513,11.9,,15-24,566.0,142.0,1182.0,1423.0,38.9,9.76,81.22,97.78,14000.0,234.0,35000.0
HI,2017,1356100,0.207,0.01,0.102,0.382,<.01,0.096,0.203,73580,10.3,2.2,0.9,62.0,92.3,32.9,575458.593,19.3,,,,,,,,,,,17000.0,236.0,34000.0
HI,2016,1364600,0.211,0.013,0.102,0.376,,0.095,0.202,72130,9.3,2.9,1.3,62.1,92.0,31.9,544047.1761,17.6,7.4,,,,,,,,,,18000.0,210.0,31000.0
ID,2022,1885200,0.793,0.005,0.135,0.013,0.008,0.002,0.043,72580,8.2,2.8,0.8,63.0,92.0,32.3,471894.0142,22.4,11.7,15-24,5410.0,526.0,2917.0,3804.0,279.01,27.13,150.44,196.19,25000.0,,61000.0
ID,2021,1865000,0.788,0.007,0.133,0.014,0.007,0.001,0.051,76920,9.3,3.6,1.4,62.9,91.3,30.7,412975.7518,19.4,13.2,15-24,5363.0,524.0,2835.0,3611.0,281.59,27.51,148.86,189.6,23000.0,,60000.0
ID,2020,0,0.0,0,0.0,0.0,0,0,0.0,66730,9.1,5.5,0.9,63.3,91.3,30.9,309840.0819,26.3,6.9,15-24,4903.0,490.0,3070.0,3301.0,265.13,26.49,166.01,178.49,,,
ID,2019,1750900,0.816,0.007,0.129,0.012,0.009,,0.026,65990,7.1,2.9,0.6,64.3,91.5,28.7,272612.0271,21.9,9.9,15-24,6083.0,444.0,3777.0,3482.0,330.75,24.14,205.37,189.33,20000.0,180.0,58000.0
ID,2018,1719600,0.819,0.005,0.127,0.016,0.011,,0.022,58730,11.5,2.9,0.6,64.1,90.9,27.7,243811.1479,32.6,10.0,15-24,6959.0,594.0,4503.0,3895.0,378.39,32.29,244.84,211.79,26000.0,169.0,63000.0
ID,2017,1682100,0.821,0.01,0.124,0.013,0.01,,0.025,60210,11.7,3.2,0.8,63.9,90.8,26.8,218574.1772,23.9,5.1,15-24,6798.0,590.0,5171.0,3788.0,369.63,32.08,281.16,205.97,26000.0,169.0,67000.0
ID,2016,1650700,0.825,0.01,0.123,0.014,0.011,,0.02,56560,11.1,3.7,1.1,63.8,90.4,27.6,200402.8294,23.0,7.8,15-24,6338.0,608.0,5453.0,3872.0,344.62,33.06,296.5,210.54,24000.0,150.0,76000.0
IL,2022,12296100,0.585,0.13,0.184,0.06,0.001,0,0.04,78020,9.5,4.6,2.1,64.1,90.4,37.7,240521.7988,11.5,13.5,15-24,9411.0,2339.0,20298.0,33879.0,74.79,18.59,161.32,269.26,162000.0,,425000.0
IL,2021,12368800,0.59,0.132,0.181,0.057,0.001,0,0.039,79250,10.7,6.1,3.8,63.0,90.2,37.1,219795.7167,11.8,16.4,15-24,6741.0,1501.0,12794.0,21120.0,53.12,11.83,100.82,166.42,175000.0,,442000.0
IL,2020,0,0.0,0,0.0,0.0,0,0,0.0,74330,8.0,9.3,2.1,62.6,90.4,37.6,198998.1355,12.1,15.9,15-24,346.0,63.0,1131.0,1228.0,2.71,0.49,8.84,9.6,,,
IL,2019,12362300,0.609,0.136,0.176,0.056,0.001,<.01,0.022,74400,9.3,4.0,1.6,64.6,89.8,35.8,192383.4331,10.5,9.5,15-24,457.0,92.0,1216.0,1349.0,3.56,0.72,9.49,10.53,156000.0,3083.0,436000.0
IL,2018,12438400,0.61,0.136,0.175,0.056,<.01,<.01,0.022,70150,10.3,4.4,1.8,64.7,89.5,35.1,187366.3672,10.6,11.8,15-24,457.0,90.0,1431.0,1480.0,3.56,0.7,11.17,11.55,154000.0,3162.0,457000.0
IL,2017,12496600,0.613,0.137,0.174,0.054,<.01,,0.021,64610,10.9,5.0,2.3,64.7,89.1,34.4,179393.3113,12.6,13.2,15-24,367.0,113.0,1409.0,1568.0,2.86,0.89,11.0,12.24,177000.0,3264.0,486000.0
IL,2016,12491200,0.618,0.137,0.171,0.053,<.01,<.01,0.019,61390,12.1,5.9,3.0,65.3,88.8,34.0,171464.995,10.1,11.7,15-24,339.0,106.0,1589.0,1749.0,2.64,0.82,12.4,13.65,169000.0,3406.0,512000.0
IN,2022,6639400,0.761,0.091,0.078,0.025,0.001,0,0.044,70030,10.4,3.1,1.0,63.2,90.2,29.6,220388.4363,13.7,22.2,15-24,10750.0,1892.0,9957.0,15088.0,157.35,27.7,145.74,220.83,90000.0,,243000.0
IN,2021,6601300,0.767,0.086,0.077,0.023,0.001,,0.045,70190,10.4,3.9,2.0,62.8,90.6,28.9,194269.7895,18.3,25.0,15-24,11391.0,1513.0,9823.0,14324.0,167.17,22.2,144.17,210.22,96000.0,,249000.0
IN,2020,0,0.0,0,0.0,0.0,0,0,0.0,66810,12.1,7.4,1.3,63.0,90.2,28.9,168872.5999,16.1,21.4,15-24,8068.0,1368.0,8913.0,11082.0,118.84,20.15,131.29,163.23,,,
IN,2019,6511800,0.786,0.092,0.072,0.024,0.002,,0.023,66690,10.1,3.3,1.0,64.6,89.6,26.9,156859.744,12.6,12.8,15-24,4807.0,729.0,5176.0,5578.0,70.84,10.74,76.28,82.2,90000.0,1595.0,231000.0
IN,2018,6487100,0.79,0.093,0.071,0.023,<.01,,0.022,59890,11.6,3.4,0.9,65.0,89.0,27.1,146742.0092,18.1,14.6,15-24,2664.0,310.0,1632.0,2003.0,39.26,4.57,24.05,29.52,87000.0,1710.0,275000.0
IN,2017,6459400,0.794,0.091,0.07,0.021,<.01,,0.024,58870,11.4,3.5,1.1,64.2,88.6,26.8,136933.5788,16.7,17.3,15-24,2146.0,168.0,787.0,913.0,31.63,2.48,11.6,13.45,98000.0,1971.0,282000.0
IN,2016,6431400,0.798,0.091,0.068,0.021,<.01,,0.021,56090,11.8,4.4,1.6,64.7,88.4,25.6,129575.7049,15.7,15.3,15-24,1514.0,78.0,203.0,265.0,22.31,1.15,2.99,3.91,91000.0,1958.0,301000.0
IA,2022,3101000,0.829,0.036,0.068,0.024,0.001,0.002,0.039,76320,9.4,2.8,0.7,68.0,93.5,32.3,202868.0935,16.4,7.2,15-24,5866.0,819.0,5910.0,6782.0,183.33,25.6,184.71,211.96,30000.0,,86000.0
IA,2021,3093200,0.831,0.034,0.067,0.023,0.003,0.001,0.041,72430,9.7,3.9,1.7,67.1,93.3,30.5,183393.9512,15.9,9.9,15-24,5499.0,846.0,5870.0,7080.0,171.95,26.45,183.56,221.39,31000.0,,91000.0
IA,2020,0,0.0,0,0.0,0.0,0,0,0.0,68820,9.2,5.2,1.1,66.9,93.1,29.5,167728.4025,16.9,8.2,15-24,6067.0,708.0,6998.0,6625.0,190.13,22.19,219.31,207.62,,,
IA,2019,3060200,0.853,0.039,0.063,0.023,0.003,<.01,0.019,66050,9.5,2.7,0.6,70.0,92.6,29.3,160042.2904,17.4,4.6,15-24,6666.0,899.0,7370.0,6479.0,208.94,28.17,231.0,203.07,34000.0,624.0,92000.0
IA,2018,3056800,0.855,0.034,0.061,0.026,<.01,,0.02,68720,8.9,2.6,0.8,69.2,92.3,29.0,152433.2084,14.9,5.4,15-24,6046.0,838.0,6611.0,5281.0,189.51,26.27,207.21,165.53,32000.0,649.0,97000.0
IA,2017,3045600,0.859,0.031,0.059,0.027,<.01,,0.02,63480,9.1,3.1,1.0,68.9,92.1,28.9,146369.8961,16.2,7.4,15-24,8285.0,1172.0,9829.0,7188.0,259.68,36.73,308.08,225.3,32000.0,672.0,88000.0
IA,2016,3030400,0.866,0.033,0.057,0.024,<.01,,0.017,59090,9.8,3.6,1.0,69.7,91.8,28.4,141827.5742,14.1,7.0,15-24,7886.0,1167.0,10969.0,7623.0,247.18,36.58,343.81,238.93,27000.0,1000.0,105000.0
KS,2022,2838500,0.733,0.046,0.131,0.03,0.004,,0.055,73040,10.5,2.6,0.9,66.5,92.1,35.6,203653.6958,23.0,21.6,15-24,7455.0,1196.0,7995.0,9310.0,253.86,40.73,272.24,317.03,37000.0,,94000.0
KS,2021,2843100,0.734,0.047,0.129,0.03,0.004,,0.056,75980,7.1,3.4,1.5,66.5,91.9,35.4,181244.1296,23.0,16.0,15-24,7609.0,949.0,7944.0,9566.0,258.99,32.31,270.4,325.61,38000.0,,92000.0
KS,2020,0,0.0,0,0.0,0.0,0,0,0.0,73080,9.3,5.8,0.9,66.8,91.8,35.1,161331.4655,22.9,15.3,15-24,7153.0,926.0,8502.0,8279.0,243.45,31.51,289.37,281.78,,,
KS,2019,2811200,0.757,0.055,0.122,0.028,0.006,,0.032,73150,9.5,3.2,0.9,67.1,91.8,34.0,149943.5409,20.6,7.3,15-24,7057.0,1304.0,8540.0,8784.0,240.21,44.39,290.69,299.0,33000.0,1078.0,101000.0
KS,2018,2814700,0.76,0.054,0.12,0.028,0.01,,0.032,63940,7.5,3.4,1.0,66.8,91.0,33.8,142936.7128,24.7,7.0,15-24,7766.0,1446.0,9109.0,8897.0,264.34,49.22,310.06,302.84,32000.0,1035.0,103000.0
KS,2017,2817600,0.761,0.053,0.119,0.03,0.01,,0.03,57870,14.7,3.6,1.2,66.8,91.0,33.7,136262.9024,22.4,6.5,15-24,7779.0,1621.0,9418.0,8740.0,264.79,55.18,320.57,297.5,35000.0,992.0,104000.0
KS,2016,2817000,0.765,0.056,0.117,0.027,0.01,,0.029,56810,11.2,4.0,1.5,67.4,90.5,32.8,131386.1313,17.3,6.5,15-24,7019.0,1705.0,10095.0,9075.0,238.92,58.03,343.62,308.9,36000.0,966.0,99000.0
KY,2022,4377200,0.825,0.074,0.041,0.014,0.001,,0.045,55870,17.1,4.0,1.2,57.6,89.0,27.9,188212.7744,17.1,20.5,15-24,5661.0,896.0,6918.0,8224.0,125.47,19.86,153.34,182.29,74000.0,,207000.0
KY,2021,4365500,0.83,0.068,0.038,0.015,0.002,,0.047,55630,16.2,4.5,2.0,57.1,88.0,27.0,169731.9932,19.1,26.0,15-24,6137.0,886.0,7530.0,8696.0,136.14,19.66,167.05,192.92,78000.0,,220000.0
KY,2020,0,0.0,0,0.0,0.0,0,0,0.0,56760,13.9,6.5,1.8,57.0,88.7,27.4,150143.7935,17.5,23.0,15-24,6267.0,1065.0,9082.0,8512.0,139.01,23.62,201.46,188.82,,,
KY,2019,4319300,0.845,0.08,0.037,0.016,0.001,,0.02,55660,13.6,4.1,1.4,58.7,87.2,25.1,139848.0504,14.7,11.8,15-24,8189.0,1469.0,10984.0,9258.0,181.73,32.6,243.75,205.45,70000.0,1522.0,212000.0
KY,2018,4320300,0.848,0.076,0.036,0.015,<.01,,0.023,54560,15.7,4.2,1.4,58.6,86.8,24.8,132370.8326,17.8,14.4,15-24,9907.0,1699.0,11759.0,9609.0,219.85,37.71,260.95,213.23,73000.0,1549.0,226000.0
KY,2017,4307100,0.849,0.079,0.035,0.015,<.01,,0.022,51350,14.4,4.8,2.0,58.8,86.3,24.0,124914.8588,13.7,15.4,15-24,10254.0,1861.0,13714.0,10283.0,227.55,41.29,304.33,228.19,72000.0,1403.0,223000.0
KY,2016,4287700,0.852,0.08,0.034,0.014,<.01,,0.018,45370,15.2,5.0,2.1,58.3,85.7,23.4,118772.7011,15.7,15.5,15-24,10193.0,1825.0,15065.0,10872.0,226.2,40.5,334.31,241.26,75000.0,1406.0,248000.0
LA,2022,4451600,0.571,0.306,0.057,0.018,0.004,,0.044,58320,16.9,3.6,1.9,58.4,87.3,27.1,208826.3598,14.4,19.8,15-24,9384.0,816.0,10200.0,10909.0,204.53,17.79,222.32,237.77,86000.0,,257000.0
LA,2021,4480200,0.574,0.306,0.055,0.018,0.004,,0.044,57210,18.4,5.6,3.7,57.7,86.7,26.4,198002.9453,16.0,21.7,15-24,8774.0,577.0,9526.0,10517.0,189.62,12.47,205.87,227.29,100000.0,,287000.0
LA,2020,0,0.0,0,0.0,0.0,0,0,0.0,51190,15.5,8.7,2.5,57.4,86.9,27.2,188339.4683,12.6,15.3,15-24,3065.0,172.0,4300.0,4274.0,65.89,3.7,92.43,91.88,,,
LA,2019,4498600,0.588,0.319,0.052,0.017,0.005,,0.019,51710,17.9,4.6,1.9,58.6,86.0,25.0,179519.2822,16.1,9.2,15-24,2440.0,116.0,2907.0,3004.0,52.38,2.49,62.41,64.49,76000.0,357.0,289000.0
LA,2018,4519300,0.588,0.316,0.051,0.016,0.01,,0.023,49970,19.0,4.8,1.9,58.8,85.8,24.3,173800.59,15.2,9.6,15-24,2482.0,145.0,3396.0,3107.0,53.28,3.11,72.91,66.71,95000.0,399.0,283000.0
LA,2017,4541500,0.588,0.318,0.052,0.018,0.01,,0.019,43900,21.4,5.1,2.4,58.8,85.1,23.8,171363.3701,14.9,11.0,15-24,2443.0,166.0,3130.0,2849.0,52.45,3.57,67.2,61.16,96000.0,403.0,307000.0
LA,2016,4530500,0.594,0.318,0.049,0.017,0.01,,0.017,42200,20.2,6.1,2.5,59.3,84.4,23.4,172156.1913,14.8,10.5,15-24,2394.0,175.0,2992.0,2952.0,51.4,3.76,64.23,63.38,97000.0,427.0,314000.0
ME,2022,1348100,0.905,0.016,0.02,0.009,0.004,,0.045,75160,9.6,2.9,1.3,59.1,94.6,36.1,358122.026,12.7,20.4,15-24,590.0,163.0,2220.0,2372.0,42.47,11.73,159.78,170.73,14000.0,,28000.0
ME,2021,1336900,0.9,0.014,0.018,0.011,0.003,,0.053,71140,9.1,4.7,2.3,60.4,94.5,36.0,311270.9749,16.2,19.4,15-24,775.0,147.0,2100.0,2331.0,56.21,10.66,152.31,169.07,16000.0,,37000.0
ME,2020,0,0.0,0,0.0,0.0,0,0,0.0,63690,8.0,5.1,1.3,59.6,93.6,33.5,257755.1702,17.2,21.8,15-24,599.0,111.0,1399.0,1544.0,43.9,8.13,102.53,113.16,,,
ME,2019,1302300,0.932,0.014,0.017,0.011,0.007,,0.019,66550,10.4,2.9,1.1,62.4,93.2,33.2,236456.3762,17.7,14.5,15-24,716.0,128.0,1236.0,1312.0,52.52,9.39,90.67,96.25,12000.0,119.0,33000.0
ME,2018,1299500,0.934,0.013,0.015,0.013,<.01,,0.021,58660,11.6,3.2,0.9,63.0,93.0,31.5,225420.5024,19.0,9.2,15-24,511.0,161.0,1242.0,1056.0,37.48,11.81,91.12,77.47,12000.0,93.0,35000.0
ME,2017,1300200,0.937,0.011,0.016,0.011,0.01,,0.019,51660,12.0,3.4,1.2,63.6,92.3,32.1,211392.2435,13.5,15.4,15-24,512.0,157.0,1320.0,921.0,37.56,11.52,96.84,67.56,13000.0,116.0,33000.0
ME,2016,1293800,0.936,0.015,0.015,0.012,0.01,,0.016,50860,12.7,3.8,1.6,63.4,92.3,30.1,198263.7839,22.2,17.8,15-24,905.0,162.0,1497.0,953.0,66.38,11.88,109.82,69.91,14000.0,123.0,43000.0
MD,2022,6011200,0.472,0.292,0.115,0.066,0.001,,0.054,108200,8.6,3.0,1.7,64.8,91.4,43.8,396489.4444,10.9,16.2,15-24,10377.0,1309.0,10919.0,15227.0,168.35,21.23,177.14,247.03,69000.0,,155000.0
MD,2021,5992100,0.481,0.286,0.111,0.068,0.001,0,0.052,97330,7.7,5.2,3.2,64.8,91.1,42.5,368780.6287,11.6,18.0,15-24,6789.0,641.0,6336.0,8708.0,109.94,10.38,102.6,141.01,78000.0,,187000.0
MD,2020,0,0.0,0,0.0,0.0,0,0,0.0,94790,9.4,6.5,1.7,66.5,91.1,43.1,329988.1588,8.3,20.1,15-24,1514.0,195.0,1950.0,1956.0,24.52,3.15,31.58,31.68,,,
MD,2019,5875500,0.499,0.296,0.106,0.064,0.002,,0.032,95570,7.0,3.4,1.5,68.9,90.4,40.9,315086.4882,10.5,18.1,15-24,2661.0,184.0,2433.0,2015.0,43.08,2.98,39.39,32.62,68000.0,770.0,157000.0
MD,2018,5870800,0.503,0.293,0.105,0.064,<.01,,0.034,86220,8.0,3.8,1.9,67.8,90.5,40.8,304548.6894,11.9,16.1,15-24,2524.0,146.0,1813.0,1343.0,40.86,2.37,29.35,21.74,75000.0,818.0,152000.0
MD,2017,5892900,0.507,0.292,0.102,0.065,<.01,<.01,0.031,81080,7.8,4.0,1.9,67.6,89.9,39.7,294184.6855,10.0,19.3,,,,,,,,,,74000.0,846.0,160000.0
MD,2016,5856500,0.514,0.293,0.098,0.063,<.01,,0.03,73760,7.1,4.3,2.1,66.9,90.1,39.3,283953.017,8.6,20.6,,,,,,,,,,76000.0,858.0,169000.0
MA,2022,6757900,0.673,0.065,0.131,0.07,0.001,,0.06,93550,9.6,3.7,1.9,65.2,91.3,46.6,556942.6519,7.8,12.2,15-24,2796.0,1188.0,8210.0,12944.0,40.04,17.02,117.57,185.37,64000.0,,152000.0
MA,2021,6744100,0.677,0.061,0.129,0.069,0.001,,0.063,86570,7.6,5.4,4.0,65.1,91.1,46.6,504870.5217,7.2,14.6,15-24,2833.0,997.0,7195.0,11985.0,40.51,14.26,102.9,171.41,67000.0,,169000.0
MA,2020,0,0.0,0,0.0,0.0,0,0,0.0,87810,8.4,9.4,2.1,65.3,91.3,46.9,443372.5791,7.6,12.1,15-24,2641.0,1138.0,8041.0,11546.0,37.74,16.26,114.91,164.99,,,
MA,2019,6650800,0.705,0.07,0.124,0.067,0.002,<.01,0.032,87710,7.5,3.0,1.2,67.2,91.3,45.0,421752.5499,7.1,12.8,15-24,3002.0,1232.0,8093.0,12124.0,42.69,17.52,115.08,172.39,58000.0,1382.0,154000.0
MA,2018,6659900,0.708,0.07,0.124,0.067,<.01,,0.029,86350,8.7,3.5,1.6,67.1,90.8,44.5,410211.5293,8.4,13.7,15-24,3319.0,1176.0,8598.0,12002.0,47.19,16.72,122.25,170.66,63000.0,1560.0,164000.0
MA,2017,6620600,0.717,0.069,0.119,0.064,<.01,,0.029,73230,10.6,3.8,1.7,65.9,90.8,43.4,386046.5835,8.4,15.3,15-24,3731.0,1311.0,10791.0,13177.0,53.05,18.64,153.43,187.36,63000.0,1543.0,182000.0
MA,2016,6570600,0.726,0.067,0.114,0.063,<.01,,0.028,72270,9.6,4.0,2.0,65.3,90.4,42.7,361931.3072,8.7,18.3,15-24,4204.0,1424.0,12353.0,13890.0,59.78,20.25,175.64,197.5,65000.0,1605.0,185000.0
MI,2022,9824500,0.729,0.129,0.057,0.033,0.003,0,0.05,68990,12.1,4.1,1.8,60.4,91.8,32.1,228016.4357,13.9,10.1,15-24,9120.0,5335.0,27250.0,31474.0,90.9,53.18,271.6,313.7,128000.0,,378000.0
MI,2021,9841800,0.731,0.131,0.056,0.032,0.003,0,0.048,64490,11.7,5.8,3.4,59.4,92.0,31.7,206833.9654,15.3,11.8,15-24,10183.0,3468.0,19932.0,30831.0,101.45,34.55,198.56,307.14,139000.0,,377000.0
MI,2020,0,0.0,0,0.0,0.0,0,0,0.0,64390,11.2,10.1,1.9,60.4,92.0,32.1,180294.8683,14.6,13.7,15-24,10104.0,3489.0,20675.0,30262.0,100.33,34.64,205.31,300.5,,,
MI,2019,9765600,0.749,0.134,0.053,0.032,0.005,,0.027,64120,10.2,4.1,1.3,61.9,91.4,30.0,169404.0894,13.3,10.1,15-24,9094.0,5181.0,25307.0,33393.0,90.24,51.41,251.12,331.35,118000.0,1439.0,371000.0
MI,2018,9770000,0.75,0.135,0.052,0.032,<.01,,0.026,60450,10.5,4.2,1.4,61.6,91.1,29.6,159393.1485,16.8,11.4,15-24,20201.0,5266.0,27867.0,34979.0,200.45,52.25,276.52,347.09,130000.0,1424.0,413000.0
MI,2017,9720300,0.753,0.135,0.05,0.031,<.01,,0.026,57700,12.7,4.6,1.6,61.4,90.9,29.1,147892.2069,14.2,14.9,15-24,23903.0,5429.0,32588.0,35872.0,237.19,53.87,323.37,355.95,135000.0,1503.0,419000.0
MI,2016,9693500,0.756,0.135,0.049,0.029,<.01,,0.027,57090,11.1,5.0,2.0,61.3,90.4,28.3,137536.6185,14.7,13.4,15-24,26528.0,5840.0,36817.0,40350.0,263.23,57.95,365.33,400.39,146000.0,1429.0,446000.0
MN,2022,5600400,0.763,0.065,0.058,0.052,0.007,,0.055,90390,7.6,2.5,1.0,68.2,94.0,39.1,325231.7254,15.2,18.8,15-24,8403.0,2030.0,11398.0,10321.0,147.05,35.53,199.46,180.62,50000.0,,139000.0
MN,2021,5585100,0.769,0.067,0.058,0.05,0.006,,0.049,80440,6.9,3.7,2.4,67.9,94.1,38.9,298790.6145,15.1,21.7,15-24,8982.0,2112.0,11234.0,10870.0,157.08,36.93,196.47,190.11,57000.0,,139000.0
MN,2020,0,0.0,0,0.0,0.0,0,0,0.0,78750,8.5,6.3,1.3,69.7,93.8,37.9,266296.4713,13.7,18.2,15-24,5822.0,1407.0,8185.0,6829.0,101.95,24.64,143.33,119.59,,,
MN,2019,5514800,0.791,0.064,0.056,0.049,0.009,,0.03,81430,5.7,3.3,0.8,69.9,93.6,37.3,252044.0064,15.6,13.8,15-24,3026.0,918.0,4745.0,4099.0,53.02,16.09,83.15,71.83,43000.0,1149.0,143000.0
MN,2018,5489000,0.796,0.065,0.054,0.047,0.01,,0.028,71820,7.9,3.0,0.8,69.6,93.4,36.7,239466.7637,15.5,8.6,15-24,1187.0,289.0,1455.0,955.0,20.8,5.07,25.5,16.74,47000.0,1198.0,150000.0
MN,2017,5446600,0.8,0.064,0.052,0.048,0.01,,0.026,71920,9.2,3.5,1.0,70.1,93.1,36.1,224271.1066,15.8,10.0,,,,,,,,,,41000.0,1164.0,150000.0
MN,2016,5392900,0.807,0.057,0.051,0.049,0.01,,0.026,70220,8.7,3.9,1.0,70.0,92.9,34.8,209669.2919,14.1,10.4,,,,,,,,,,48000.0,1175.0,161000.0
MS,2022,2828900,0.557,0.364,0.032,0.009,0.004,,0.035,48610,18.4,3.8,1.9,54.9,87.6,24.8,178507.9594,10.8,13.2,15-24,5464.0,794.0,4352.0,4732.0,185.92,27.01,148.08,161.01,57000.0,,175000.0
MS,2021,2850600,0.559,0.357,0.031,0.008,0.004,,0.04,46640,17.4,5.5,2.9,55.1,86.5,24.8,162178.3372,16.2,14.7,15-24,5223.0,746.0,4798.0,4980.0,177.07,25.29,162.67,168.84,56000.0,,189000.0
MS,2020,0,0.0,0,0.0,0.0,0,0,0.0,45130,17.6,8.0,2.4,54.7,86.8,24.5,145332.868,12.3,10.3,15-24,3886.0,527.0,3832.0,3596.0,131.36,17.81,129.53,121.55,,,
MS,2019,2867100,0.566,0.376,0.03,0.01,0.004,,0.014,44790,19.2,5.5,2.2,56.1,85.3,22.3,138591.2854,13.4,6.5,15-24,2560.0,459.0,2539.0,2340.0,86.45,15.5,85.74,79.02,59000.0,461.0,192000.0
MS,2018,2879400,0.567,0.377,0.028,0.009,<.01,,0.014,42780,19.6,5.0,2.1,55.6,85.4,23.2,133841.9373,14.1,3.9,15-24,1625.0,379.0,1994.0,1785.0,54.87,12.8,67.33,60.28,60000.0,504.0,193000.0
MS,2017,2884500,0.569,0.377,0.028,0.01,<.01,,0.012,43440,18.3,5.2,2.4,55.7,84.4,21.9,130735.2395,13.2,5.5,,,,,,,,,,63000.0,592.0,190000.0
MS,2016,2887300,0.572,0.376,0.028,0.01,<.01,,0.011,41100,21.1,6.0,2.6,55.7,84.1,21.8,128885.7741,12.8,5.0,,,,,,,,,,60000.0,676.0,211000.0
MO,2022,5990000,0.769,0.104,0.047,0.021,0.002,0.001,0.056,71520,11.4,2.6,0.9,62.4,91.6,32.2,227423.0773,18.1,22.7,15-24,11272.0,2221.0,16956.0,15901.0,182.47,35.96,274.5,257.41,74000.0,,225000.0
MO,2021,5987500,0.768,0.106,0.046,0.02,0.002,0.001,0.057,63590,12.3,4.1,2.2,62.5,91.6,31.7,201609.9262,20.5,21.2,15-24,12482.0,2229.0,17735.0,15887.0,202.29,36.12,287.42,257.47,75000.0,,219000.0
MO,2020,0,0.0,0,0.0,0.0,0,0,0.0,62180,10.7,6.2,1.3,62.7,91.4,31.9,175660.4067,19.8,21.2,15-24,9029.0,1780.0,12798.0,10667.0,146.7,28.92,207.95,173.32,,,
MO,2019,5939900,0.794,0.112,0.043,0.021,0.004,0.001,0.026,60600,9.4,3.3,0.9,63.9,90.7,30.2,164562.1624,20.5,16.1,15-24,6470.0,921.0,6744.0,5322.0,105.12,14.97,109.57,86.47,77000.0,1428.0,229000.0
MO,2018,5934500,0.795,0.113,0.041,0.02,<.01,<.01,0.026,61730,12.4,3.2,1.2,63.6,90.5,29.5,156695.0062,21.2,19.0,15-24,4862.0,547.0,4679.0,4972.0,78.99,8.89,76.02,80.78,78000.0,1367.0,247000.0
MO,2017,5921300,0.797,0.111,0.042,0.02,<.01,<.01,0.025,56890,11.1,3.7,1.5,63.9,89.7,29.1,148325.0918,21.0,15.5,15-24,2760.0,441.0,4227.0,4384.0,44.84,7.17,68.68,71.22,75000.0,1351.0,252000.0
MO,2016,5898000,0.798,0.113,0.04,0.019,<.01,<.01,0.024,55020,13.0,4.6,1.6,64.6,89.6,28.5,140590.5299,19.3,17.9,15-24,2651.0,437.0,4193.0,4230.0,43.07,7.1,68.13,68.73,78000.0,1403.0,261000.0
MT,2022,1093400,0.838,0.003,0.043,0.006,0.051,,0.058,72970,10.4,2.7,0.7,62.9,94.0,34.6,442839.3558,33.3,10.2,15-24,907.0,572.0,7227.0,3217.0,80.78,50.94,643.61,286.5,13000.0,,31000.0
MT,2021,1073800,0.838,0.004,0.043,0.007,0.055,,0.054,65000,10.7,3.4,1.6,62.3,94.4,34.8,366372.4047,44.6,7.8,15-24,1050.0,718.0,8393.0,3592.0,94.9,64.89,758.61,324.67,14000.0,,32000.0
MT,2020,0,0.0,0,0.0,0.0,0,0,0.0,56740,10.9,5.8,1.2,63.0,94.4,34.6,294102.8299,33.6,8.8,15-24,1481.0,933.0,8304.0,2875.0,136.22,85.81,763.79,264.43,,,
MT,2019,1039400,0.861,0.006,0.037,0.008,0.061,,0.028,60190,9.7,3.5,1.0,63.7,94.2,33.6,271932.391,36.8,,15-24,1970.0,852.0,7672.0,2733.0,181.7,78.58,707.59,252.07,13000.0,246.0,33000.0
MT,2018,1034000,0.861,<.01,0.039,0.007,0.058,,0.031,57680,10.3,3.8,1.2,63.3,93.9,31.7,258121.642,29.3,9.5,15-24,2306.0,875.0,9300.0,2776.0,212.68,80.7,857.74,256.03,13000.0,234.0,36000.0
MT,2017,1022600,0.865,<.01,0.036,0.01,0.059,,0.029,59090,9.7,4.1,1.3,63.2,93.0,32.3,243461.5568,31.6,8.1,15-24,2452.0,463.0,5292.0,2760.0,226.15,42.7,488.08,254.55,13000.0,227.0,33000.0
MT,2016,1015100,0.866,,0.035,0.01,0.061,,0.027,57080,11.7,4.3,1.5,63.3,92.8,31.0,232530.2487,29.2,,15-24,2475.0,502.0,4740.0,2712.0,228.27,46.3,437.17,250.12,14000.0,185.0,34000.0
NE,2022,1913700,0.759,0.042,0.123,0.023,0.005,,0.047,78360,7.9,2.1,0.6,69.4,92.8,34.7,237003.4889,16.4,8.9,15-24,4022.0,504.0,3660.0,3991.0,204.36,25.61,185.97,202.79,15000.0,,64000.0
NE,2021,1907000,0.766,0.042,0.12,0.022,0.006,,0.044,78110,8.1,2.6,1.2,69.3,92.2,34.4,213378.2959,15.3,10.6,15-24,4317.0,449.0,3375.0,3911.0,219.78,22.85,171.82,199.11,19000.0,,59000.0
NE,2020,0,0.0,0,0.0,0.0,0,0,0.0,72250,8.3,4.3,1.1,69.6,91.9,33.3,189029.5901,14.2,9.7,15-24,2529.0,300.0,2124.0,2042.0,128.82,15.28,108.19,104.01,,,
NE,2019,1873600,0.785,0.048,0.113,0.024,0.008,,0.021,73070,8.7,3.1,0.8,70.3,92.0,33.2,177106.5192,15.3,5.6,15-24,2996.0,329.0,2698.0,2333.0,152.71,16.77,137.52,118.91,18000.0,637.0,51000.0
NE,2018,1868900,0.787,0.044,0.111,0.023,0.01,,0.029,67580,10.5,2.9,0.8,69.8,91.4,32.4,167798.9096,13.4,,15-24,3472.0,424.0,3075.0,2521.0,176.97,21.61,156.74,128.49,18000.0,597.0,60000.0
NE,2017,1859200,0.792,0.043,0.11,0.025,0.01,,0.023,59620,10.4,3.0,1.0,69.4,91.3,31.7,157906.123,17.9,5.6,15-24,3560.0,394.0,3466.0,2451.0,181.45,20.08,176.66,124.93,19000.0,590.0,66000.0
NE,2016,1845000,0.8,0.044,0.106,0.023,0.01,,0.02,59370,9.6,3.1,1.2,69.9,90.9,31.4,149703.0432,16.0,,15-24,3056.0,339.0,3273.0,2250.0,155.77,17.27,166.83,114.68,19000.0,605.0,66000.0
NV,2022,3125400,0.444,0.09,0.303,0.09,0.005,0.006,0.063,72330,12.0,5.2,3.0,61.6,87.4,27.0,435313.5172,20.4,18.0,15-24,4597.0,823.0,7301.0,12084.0,144.68,25.9,229.78,380.31,51000.0,,109000.0
NV,2021,3090300,0.451,0.086,0.301,0.084,0.006,0.007,0.066,64340,12.8,6.8,5.9,60.2,87.2,27.6,362795.728,25.2,23.3,15-24,4795.0,796.0,7479.0,12393.0,152.38,25.3,237.68,393.85,54000.0,,129000.0
NV,2020,0,0.0,0,0.0,0.0,0,0,0.0,61160,12.9,13.7,2.7,61.3,87.2,28.0,311969.8337,19.5,28.7,15-24,2077.0,379.0,3213.0,4692.0,66.66,12.16,103.12,150.59,,,
NV,2019,3029700,0.478,0.092,0.293,0.085,0.009,0.006,0.037,70910,10.4,4.2,1.4,64.1,86.9,25.7,300435.9342,17.5,12.6,15-24,99.0,30.0,152.0,199.0,3.19,0.97,4.89,6.41,45000.0,385.0,115000.0
NV,2018,2983400,0.485,0.087,0.291,0.081,0.01,0.01,0.041,61860,13.0,4.4,1.5,63.4,86.9,24.9,280388.2248,18.4,6.9,,,,,,,,,,43000.0,343.0,120000.0
NV,2017,2946600,0.489,0.087,0.289,0.084,0.01,0.01,0.035,56550,13.7,5.0,2.0,62.6,86.8,24.9,245969.1567,21.2,12.1,,,,,,,,,,48000.0,314.0,125000.0
NV,2016,2890400,0.499,0.083,0.285,0.083,0.01,0.01,0.035,55430,10.1,5.8,2.6,62.1,86.0,23.5,224915.7323,14.9,12.9,,,,,,,,,,48000.0,343.0,127000.0
NH,2022,1358400,0.867,0.014,0.045,0.026,0.001,,0.047,84970,8.3,2.3,0.9,65.6,94.5,41.3,413106.1551,11.8,12.4,15-24,1631.0,285.0,2125.0,3098.0,116.58,20.37,151.89,221.44,11000.0,,17000.0
NH,2021,1346700,0.876,0.012,0.043,0.027,,,0.043,88840,6.9,3.4,1.9,65.6,94.4,40.2,359487.1514,13.4,16.3,15-24,1885.0,307.0,2229.0,2954.0,135.85,22.12,160.65,212.9,11000.0,,23000.0
NH,2020,0,0.0,0,0.0,0.0,0,0,0.0,88890,6.2,6.7,1.2,66.9,94.1,40.2,302814.1981,17.1,13.5,15-24,2059.0,345.0,2402.0,2848.0,149.35,25.02,174.23,206.57,,,
NH,2019,1314000,0.898,0.013,0.039,0.026,,,0.021,86900,3.7,2.6,0.8,68.9,93.3,37.6,281235.1858,16.9,17.5,15-24,2629.0,484.0,2746.0,3320.0,190.85,35.14,199.35,241.01,11000.0,178.0,18000.0
NH,2018,1310300,0.902,0.011,0.038,0.028,,,0.018,81350,6.1,2.6,1.0,68.7,93.1,36.8,269097.569,17.7,17.7,15-24,3271.0,565.0,3308.0,3539.0,237.46,41.01,240.14,256.91,12000.0,240.0,27000.0
NH,2017,1297000,0.906,0.013,0.036,0.027,<.01,,0.016,74800,6.6,2.8,0.9,68.1,93.1,36.9,252063.5616,23.9,22.7,15-24,4119.0,639.0,3718.0,3594.0,299.02,46.38,269.91,260.9,12000.0,270.0,26000.0
NH,2016,1291300,0.911,0.011,0.035,0.025,,,0.018,76260,6.4,2.9,1.1,68.6,92.8,36.6,237175.2769,17.5,32.2,15-24,4986.0,701.0,4481.0,3769.0,361.95,50.89,325.29,273.61,12000.0,248.0,20000.0
NJ,2022,9091400,0.515,0.118,0.22,0.101,0.001,,0.046,92340,8.7,3.9,2.5,64.0,90.7,43.5,457660.1945,7.1,10.6,15-24,2302.0,904.0,6279.0,8128.0,24.86,9.76,67.8,87.77,96000.0,,254000.0
NJ,2021,9085100,0.522,0.121,0.216,0.1,0.001,0,0.04,88560,7.6,6.7,4.8,62.9,91.0,43.1,414428.7519,7.6,13.0,15-24,1189.0,440.0,2625.0,3759.0,12.83,4.74,28.32,40.56,111000.0,,284000.0
NJ,2020,0,0.0,0,0.0,0.0,0,0,0.0,85550,8.2,9.5,2.6,62.8,90.9,43.1,364930.7064,6.9,14.1,,,,,,,,,,,,
NJ,2019,8699400,0.545,0.124,0.21,0.096,0.001,,0.024,87730,6.3,3.5,1.7,63.8,90.3,41.2,345727.387,7.0,13.3,,,,,,,,,,98000.0,420.0,235000.0
NJ,2018,8728300,0.547,0.126,0.208,0.097,<.01,,0.021,74180,8.2,4.0,2.2,63.0,90.2,40.8,332596.9378,8.5,18.8,,,,,,,,,,104000.0,498.0,264000.0
NJ,2017,8823900,0.55,0.125,0.205,0.098,<.01,,0.021,73000,8.6,4.5,2.2,63.5,89.9,39.7,318909.7721,8.8,21.8,,,,,,,,,,105000.0,541.0,272000.0
NJ,2016,8762700,0.557,0.125,0.2,0.095,<.01,,0.022,68470,9.4,4.9,2.6,63.9,89.3,38.6,309041.9812,6.5,18.9,,,,,,,,,,105000.0,559.0,285000.0
NM,2022,2057700,0.347,0.015,0.505,0.016,0.081,,0.035,56420,20.2,4.1,2.0,56.5,88.0,30.5,277305.5958,25.3,27.3,15-24,1887.0,480.0,4948.0,6700.0,89.28,22.71,234.11,317.01,38000.0,,105000.0
NM,2021,2063100,0.348,0.016,0.503,0.014,0.081,,0.037,53460,18.0,7.1,4.0,56.4,87.5,30.1,242685.7182,29.3,30.0,15-24,1903.0,524.0,4731.0,6465.0,89.89,24.75,223.49,305.4,47000.0,,111000.0
NM,2020,0,0.0,0,0.0,0.0,0,0,0.0,50910,16.6,7.9,2.5,56.0,87.8,30.1,210111.1314,29.0,20.0,15-24,1270.0,345.0,3385.0,4486.0,59.95,16.29,159.79,211.75,,,
NM,2019,2041400,0.367,0.017,0.495,0.016,0.087,,0.018,53110,15.3,5.0,1.9,58.1,85.9,27.7,194755.4869,29.8,15.1,15-24,936.0,359.0,2764.0,3495.0,44.2,16.95,130.53,165.05,36000.0,193.0,116000.0
NM,2018,2045300,0.369,0.018,0.491,0.015,0.089,,0.017,48280,16.6,4.9,2.0,57.8,85.4,27.7,184782.4697,27.8,14.6,15-24,958.0,394.0,3169.0,3495.0,45.24,18.61,149.66,165.05,44000.0,202.0,124000.0
NM,2017,2038200,0.373,0.016,0.49,0.013,0.09,,0.018,47860,18.6,6.0,2.5,58.3,86.1,27.1,177941.8119,32.5,12.0,,,,,,,,,,42000.0,203.0,131000.0
NM,2016,2029400,0.379,0.017,0.486,0.015,0.086,,0.017,48450,17.8,6.8,2.6,58.4,85.4,27.2,173299.8775,20.0,16.2,,,,,,,,,,42000.0,171.0,145000.0
NY,2022,19161800,0.53,0.133,0.197,0.09,0.002,0,0.048,75910,12.7,4.3,2.7,60.2,87.9,40.0,434463.1553,6.6,9.9,15-24,1760.0,579.0,8722.0,10287.0,8.95,2.95,44.34,52.29,250000.0,,736000.0
NY,2021,19309800,0.535,0.132,0.196,0.087,0.002,0,0.048,72920,12.5,7.1,5.2,59.5,88.0,39.9,398584.1832,7.0,11.3,15-24,1789.0,438.0,7717.0,9171.0,9.01,2.2,38.87,46.19,288000.0,,747000.0
NY,2020,0,0.0,0,0.0,0.0,0,0,0.0,68660,11.8,9.9,2.7,59.0,87.8,39.5,359584.6094,6.9,13.5,15-24,775.0,164.0,2804.0,2424.0,3.85,0.81,13.94,12.06,,,
NY,2019,18908300,0.552,0.14,0.193,0.086,0.002,,0.027,71850,12.5,3.9,1.7,60.7,87.6,37.8,342730.7553,9.3,9.0,,,,,,,,,,240000.0,2665.0,712000.0
NY,2018,19016900,0.553,0.141,0.193,0.085,<.01,,0.026,67270,11.1,4.1,1.9,60.6,87.1,37.2,325516.8133,7.8,10.2,,,,,,,,,,248000.0,2527.0,743000.0
NY,2017,19315700,0.552,0.142,0.193,0.087,<.01,<.01,0.025,62450,13.4,4.6,2.1,60.8,86.6,36.0,305966.1925,7.7,11.6,,,,,,,,,,266000.0,4739.0,803000.0
NY,2016,19221500,0.556,0.142,0.191,0.085,<.01,<.01,0.025,61440,11.9,4.9,2.3,60.6,86.3,35.7,289577.4648,7.7,13.7,,,,,,,,,,278000.0,4921.0,847000.0
NC,2022,10340200,0.609,0.2,0.104,0.031,0.008,0.001,0.046,65070,14.2,3.7,1.5,61.2,90.2,35.9,305361.7385,14.7,21.9,15-24,24279.0,4092.0,23534.0,26900.0,226.99,38.26,220.02,251.49,138000.0,,388000.0
NC,2021,10211700,0.611,0.197,0.101,0.031,0.009,0,0.05,62890,11.8,4.9,2.6,59.5,89.7,34.9,257268.9666,16.4,21.7,15-24,23943.0,3835.0,23650.0,26328.0,226.58,36.29,223.81,249.15,150000.0,,411000.0
NC,2020,0,0.0,0,0.0,0.0,0,0,0.0,60430,13.8,7.3,1.7,58.9,90.3,34.8,218480.7064,13.8,19.7,15-24,22398.0,3860.0,26951.0,23562.0,214.26,36.92,257.81,225.4,,,
NC,2019,10139700,0.627,0.209,0.097,0.029,0.011,<.01,0.026,61160,12.7,3.9,1.5,61.5,88.6,32.3,202930.8519,12.8,12.8,15-24,22116.0,4514.0,26870.0,22207.0,211.85,43.24,257.39,212.72,143000.0,1350.0,440000.0
NC,2018,10044400,0.629,0.209,0.096,0.029,0.01,<.01,0.027,53370,13.1,4.0,1.5,61.2,88.2,31.9,191202.4868,13.3,13.7,,,,,,,,,,144000.0,1128.0,456000.0
NC,2017,9948800,0.631,0.21,0.094,0.028,0.011,<.01,0.026,50340,14.5,4.5,2.0,61.4,87.8,31.3,179093.9646,13.1,17.5,,,,,,,,,,146000.0,1358.0,481000.0
NC,2016,9829900,0.636,0.211,0.092,0.027,0.011,<.01,0.023,53760,13.6,5.1,2.4,61.2,87.3,30.4,169005.4652,12.7,12.4,,,,,,,,,,151000.0,1398.0,490000.0
ND,2022,744000,0.828,0.026,0.044,0.012,0.039,,0.048,78720,9.7,2.0,0.6,69.1,93.9,31.8,254157.7343,20.1,23.5,15-24,2966.0,420.0,2161.0,2355.0,380.79,53.92,277.43,302.35,5000.0,,23000.0
ND,2021,741600,0.827,0.029,0.039,0.014,0.043,,0.044,68880,8.5,3.0,1.5,68.5,93.6,31.7,237343.6645,25.7,15.1,15-24,2903.0,390.0,2305.0,2444.0,373.14,50.13,296.28,314.14,8000.0,,19000.0
ND,2020,0,0.0,0,0.0,0.0,0,0,0.0,64120,10.7,5.0,0.9,68.9,93.5,31.8,226657.0482,14.5,25.3,15-24,2961.0,415.0,2240.0,2238.0,379.82,53.24,287.34,287.08,,,
ND,2019,731000,0.841,0.024,0.04,0.014,0.052,,0.026,70030,8.1,2.1,0.6,69.9,93.5,30.4,219687.756,17.4,,15-24,3110.0,385.0,2451.0,2150.0,399.19,49.42,314.61,275.97,6000.0,165.0,18000.0
ND,2018,730600,0.839,0.03,0.035,0.02,0.051,,0.024,66510,9.7,2.4,0.7,69.8,92.3,29.7,217442.1735,21.6,,15-24,3614.0,492.0,2738.0,2174.0,463.88,63.15,351.44,279.05,7000.0,183.0,17000.0
ND,2017,726000,0.847,0.029,0.034,0.017,0.056,,0.017,59890,11.3,2.6,0.8,70.7,92.9,30.7,221350.3624,27.6,10.7,15-24,3661.0,449.0,3204.0,2118.0,469.92,57.64,411.26,271.86,7000.0,228.0,19000.0
ND,2016,725900,0.854,0.026,0.031,0.01,0.057,,0.024,60180,11.1,3.1,0.9,70.9,92.4,29.6,224900.4795,21.4,9.4,15-24,3561.0,466.0,3253.0,2124.0,457.08,59.81,417.55,272.63,8000.0,233.0,21000.0
OH,2022,11455600,0.763,0.118,0.044,0.025,0.001,0,0.049,67520,9.9,4.0,1.5,61.5,91.8,32.0,205121.0655,15.8,17.7,15-24,15080.0,1784.0,22845.0,33042.0,128.23,15.17,194.27,280.97,147000.0,,446000.0
OH,2021,11455700,0.767,0.115,0.043,0.024,0.001,0.001,0.049,62690,11.6,5.2,2.4,61.4,91.7,30.7,185549.1061,15.6,18.1,15-24,15859.0,2306.0,25024.0,33062.0,134.79,19.6,212.69,281.02,154000.0,,475000.0
OH,2020,0,0.0,0,0.0,0.0,0,0,0.0,60380,12.7,8.3,1.6,61.6,91.5,30.6,162606.8862,14.8,23.3,15-24,12922.0,1850.0,25000.0,30860.0,109.52,15.68,211.9,261.56,,,
OH,2019,11351500,0.786,0.122,0.04,0.023,0.001,,0.028,64660,12.4,4.2,1.2,63.3,90.8,29.3,151783.4084,14.9,17.4,15-24,17808.0,2472.0,29508.0,33207.0,150.93,20.95,250.08,281.43,133000.0,2650.0,466000.0
OH,2018,11355900,0.788,0.121,0.038,0.023,<.01,,0.028,61630,11.9,4.5,1.5,62.8,90.7,29.0,142975.0506,16.0,17.1,15-24,22478.0,2846.0,32470.0,34395.0,190.5,24.12,275.19,291.5,141000.0,2477.0,496000.0
OH,2017,11323500,0.792,0.12,0.037,0.022,<.01,<.01,0.028,59770,12.7,5.0,2.0,63.0,90.3,28.0,134549.3079,15.9,25.2,15-24,22993.0,2951.0,36996.0,36179.0,194.87,25.01,313.54,306.62,144000.0,2159.0,513000.0
OH,2016,11278700,0.796,0.121,0.036,0.02,<.01,<.01,0.026,53990,13.7,5.1,1.9,62.8,90.0,27.5,128274.7403,12.9,23.8,15-24,21731.0,2935.0,36811.0,34408.0,184.17,24.87,311.98,291.61,155000.0,2015.0,525000.0
OK,2022,3881900,0.628,0.065,0.122,0.023,0.069,,0.092,63440,16.9,3.0,1.3,61.7,89.6,28.5,189204.6648,15.7,14.1,15-24,6367.0,1464.0,9138.0,12203.0,158.42,36.42,227.35,303.61,63000.0,,185000.0
OK,2021,3858600,0.629,0.065,0.119,0.023,0.069,0.001,0.093,60100,15.1,4.0,2.0,61.1,88.7,27.9,166334.8357,24.0,12.4,15-24,6218.0,1304.0,9778.0,11461.0,155.78,32.67,244.96,287.13,69000.0,,199000.0
OK,2020,0,0.0,0,0.0,0.0,0,0,0.0,52470,15.5,6.3,1.3,60.8,89.2,27.0,146439.8712,24.0,9.6,15-24,3986.0,941.0,6988.0,6621.0,100.52,23.73,176.23,166.97,,,
OK,2019,3826900,0.65,0.069,0.111,0.021,0.077,0.001,0.071,59400,10.8,3.1,1.2,61.2,88.4,26.2,136523.4446,22.4,8.2,15-24,4636.0,1039.0,7007.0,6183.0,117.09,26.25,176.98,156.16,62000.0,467.0,186000.0
OK,2018,3816100,0.653,0.07,0.109,0.021,0.076,<.01,0.072,54430,13.4,3.3,1.3,61.1,88.4,25.6,130984.7924,17.1,7.4,15-24,4859.0,777.0,5058.0,4931.0,122.72,19.62,127.74,124.54,59000.0,438.0,203000.0
OK,2017,3803700,0.659,0.069,0.105,0.021,0.074,<.01,0.071,55010,12.6,4.0,1.7,61.2,88.1,25.5,126374.7562,24.3,8.9,15-24,4660.0,712.0,5237.0,4516.0,117.69,17.98,132.27,114.06,66000.0,503.0,203000.0
OK,2016,3800800,0.663,0.069,0.103,0.019,0.072,<.01,0.072,50940,14.6,4.7,1.8,61.1,87.8,25.2,123018.3421,22.5,8.9,15-24,4922.0,778.0,5252.0,4505.0,124.31,19.65,132.64,113.78,73000.0,592.0,217000.0
OR,2022,4159500,0.718,0.017,0.144,0.045,0.007,0.004,0.065,86780,9.9,3.9,1.6,62.5,91.6,36.3,496733.323,19.7,17.0,15-24,2302.0,805.0,6214.0,6958.0,54.3,18.98,146.58,164.13,51000.0,,112000.0
OR,2021,4163500,0.721,0.018,0.14,0.045,0.007,0.004,0.065,81850,9.2,5.2,3.2,62.1,91.9,36.3,444419.1905,17.2,19.2,15-24,2456.0,874.0,6356.0,6683.0,57.7,20.53,149.33,157.01,59000.0,,113000.0
OR,2020,0,0.0,0,0.0,0.0,0,0,0.0,76850,9.4,7.6,1.7,61.4,91.9,36.3,379437.8773,18.5,14.9,15-24,3735.0,1034.0,7388.0,6474.0,87.98,24.35,174.04,152.5,,,
OR,2019,4128900,0.75,0.018,0.134,0.047,0.009,0.003,0.04,74410,8.1,3.7,1.3,61.5,91.4,34.5,357568.7182,21.4,7.8,15-24,5223.0,1378.0,8826.0,7056.0,123.26,32.52,208.3,166.52,55000.0,738.0,110000.0
OR,2018,4110800,0.752,0.018,0.133,0.046,0.01,<.01,0.038,69170,9.7,4.0,1.3,61.8,90.5,34.0,344125.2532,22.6,6.4,15-24,6386.0,1628.0,10002.0,7917.0,150.71,38.42,236.05,186.84,53000.0,796.0,134000.0
OR,2017,4063000,0.758,0.017,0.13,0.045,0.01,<.01,0.038,64610,10.2,4.1,1.4,62.4,91.0,33.7,321815.2337,19.0,9.6,15-24,6458.0,1563.0,10456.0,7403.0,152.41,36.89,246.77,174.72,54000.0,816.0,141000.0
OR,2016,4014500,0.763,0.017,0.127,0.042,0.01,<.01,0.037,59140,11.8,4.8,1.6,62.3,90.3,32.7,293495.9521,17.3,8.9,15-24,6773.0,1652.0,11453.0,7280.0,159.85,38.99,270.29,171.81,55000.0,891.0,144000.0
PA,2022,12544400,0.733,0.098,0.087,0.037,0.001,,0.045,72210,10.9,4.1,2.0,61.8,92.2,35.1,247174.4106,12.3,13.2,15-24,7896.0,1175.0,7539.0,12968.0,60.87,9.05,58.12,99.97,146000.0,,394000.0
PA,2021,12564000,0.739,0.097,0.084,0.037,0.001,,0.043,72630,10.8,5.9,3.8,61.5,91.9,34.5,226270.9846,12.8,18.2,15-24,8426.0,1122.0,5928.0,11225.0,64.74,8.62,45.55,86.26,169000.0,,446000.0
PA,2020,0,0.0,0,0.0,0.0,0,0,0.0,70790,10.7,8.9,2.4,62.3,91.6,34.0,200400.766,11.4,18.2,15-24,70.0,12.0,78.0,60.0,0.54,0.1,0.6,0.47,,,
PA,2019,12377600,0.76,0.104,0.078,0.035,0.001,<.01,0.023,70580,8.7,4.3,1.5,63.2,91.0,32.3,187792.248,11.5,15.7,15-24,139.0,20.0,124.0,143.0,1.07,0.15,0.95,1.1,138000.0,2624.0,435000.0
PA,2018,12388100,0.763,0.103,0.076,0.035,<.01,,0.022,64520,11.8,4.4,1.7,62.7,91.0,31.8,180184.7427,14.0,18.9,15-24,282.0,56.0,250.0,225.0,2.17,0.43,1.92,1.73,157000.0,2986.0,435000.0
PA,2017,12389100,0.767,0.105,0.073,0.034,<.01,,0.02,63170,11.2,5.0,2.1,62.6,90.6,31.4,171916.2274,15.4,28.4,15-24,390.0,87.0,426.0,289.0,3.0,0.67,3.27,2.23,169000.0,3095.0,444000.0
PA,2016,12364700,0.773,0.103,0.07,0.033,<.01,<.01,0.02,60980,11.1,5.3,2.1,63.1,90.1,30.8,165788.6943,13.5,25.7,15-24,348.0,83.0,506.0,312.0,2.68,0.64,3.89,2.4,163000.0,3209.0,486000.0
RI,2022,1048800,0.68,0.045,0.179,0.032,,,0.062,80650,8.4,6.0,1.7,63.7,90.5,39.6,407270.5413,,13.4,15-24,862.0,241.0,1523.0,1748.0,78.8,22.03,139.23,159.8,11000.0,,23000.0
RI,2021,1050300,0.689,0.043,0.174,0.03,0.002,,0.06,74980,9.4,8.0,3.7,63.8,89.1,36.5,363368.6169,9.4,16.8,15-24,1146.0,225.0,1435.0,1641.0,104.45,20.51,130.8,149.57,12000.0,,30000.0
RI,2020,0,0.0,0,0.0,0.0,0,0,0.0,80170,8.5,8.8,2.1,63.7,90.1,38.0,312834.2895,,16.7,15-24,1089.0,219.0,1671.0,1803.0,99.32,19.97,152.4,164.44,,,
RI,2019,1017100,0.705,0.059,0.166,0.033,0.002,,0.033,70150,9.2,8.3,1.5,64.4,89.3,34.8,293561.8576,,12.3,15-24,1312.0,259.0,2038.0,2151.0,119.56,23.6,185.71,196.01,12000.0,304.0,28000.0
RI,2018,1014000,0.715,0.056,0.16,0.034,,,0.031,62270,8.9,9.2,1.7,64.5,89.1,34.4,283383.7206,,11.5,15-24,1769.0,379.0,2379.0,2344.0,161.2,34.54,216.79,213.6,13000.0,304.0,36000.0
RI,2017,1015900,0.722,0.054,0.155,0.035,<.01,,0.03,66390,12.2,10.9,2.0,64.4,88.3,33.5,264991.8665,11.2,11.9,15-24,1902.0,373.0,2622.0,2433.0,173.32,34.0,238.94,221.71,11000.0,297.0,34000.0
RI,2016,1013900,0.728,0.056,0.151,0.033,<.01,,0.028,61530,11.4,11.8,2.6,64.5,88.5,34.1,246941.0804,7.2,15.1,15-24,2168.0,391.0,2929.0,2487.0,197.57,35.63,266.91,226.63,11000.0,283.0,35000.0
SC,2022,5117400,0.628,0.247,0.064,0.017,0.002,,0.041,61770,12.9,3.2,1.5,57.1,90.5,32.6,274216.2739,13.8,22.0,15-24,16129.0,2354.0,13371.0,17465.0,305.3,44.56,253.1,330.59,77000.0,,211000.0
SC,2021,5040600,0.628,0.247,0.063,0.016,0.002,,0.043,62540,13.7,5.5,2.2,57.5,89.6,31.5,232083.0341,18.1,23.9,15-24,15843.0,2310.0,13382.0,17338.0,305.03,44.48,257.65,333.82,77000.0,,221000.0
SC,2020,0,0.0,0,0.0,0.0,0,0,0.0,60340,13.4,9.2,1.4,57.7,89.4,31.7,201628.277,20.5,20.5,15-24,15414.0,2334.0,15672.0,17018.0,300.34,45.48,305.37,331.6,,,
SC,2019,4984200,0.637,0.262,0.057,0.017,0.003,,0.022,62030,15.1,3.5,1.2,58.3,88.3,29.6,188719.9964,16.6,12.5,15-24,16855.0,2875.0,17681.0,18709.0,329.3,56.17,345.44,365.52,73000.0,583.0,215000.0
SC,2018,4929800,0.638,0.263,0.058,0.016,<.01,,0.022,57440,12.8,4.0,1.6,57.8,88.4,28.3,179330.0578,16.9,13.7,15-24,20629.0,2999.0,19169.0,19902.0,403.03,58.59,374.51,388.83,77000.0,585.0,246000.0
SC,2017,4864600,0.64,0.267,0.056,0.015,<.01,,0.02,54970,15.6,4.5,1.8,58.0,87.4,28.0,169454.5192,14.9,12.8,15-24,20420.0,3353.0,21583.0,20354.0,398.95,65.51,421.67,397.66,74000.0,554.0,245000.0
SC,2016,4805300,0.64,0.267,0.055,0.015,<.01,,0.021,54340,14.1,5.2,2.3,58.8,86.6,27.2,161701.4455,16.0,11.0,15-24,19172.0,3506.0,23984.0,22054.0,374.57,68.5,468.58,430.87,74000.0,551.0,249000.0
SD,2022,873400,0.801,0.019,0.046,0.014,0.072,,0.045,67180,9.1,3.2,0.5,68.4,93.2,31.6,290866.7045,35.4,8.0,15-24,2819.0,324.0,2223.0,2925.0,309.83,35.6,244.33,321.48,10000.0,,32000.0
SD,2021,863800,0.802,0.02,0.04,0.015,0.076,,0.045,73890,8.4,3.9,1.1,68.8,93.1,31.7,251845.9953,42.4,,15-24,3151.0,414.0,1911.0,2982.0,351.55,46.19,213.21,332.71,11000.0,,31000.0
SD,2020,0,0.0,0,0.0,0.0,0,0,0.0,70190,11.6,6.0,1.3,68.9,92.2,28.4,221331.476,29.6,8.4,15-24,3669.0,494.0,2719.0,2880.0,413.25,55.64,306.24,324.37,,,
SD,2019,851300,0.819,0.022,0.037,0.013,0.084,,0.024,64260,10.6,2.8,1.0,69.4,92.1,29.7,208272.3938,36.9,11.1,15-24,4311.0,570.0,2807.0,2798.0,486.21,64.28,316.58,315.56,10000.0,153.0,31000.0
SD,2018,848700,0.816,0.022,0.038,0.013,0.086,,0.025,59460,10.6,3.4,1.0,69.2,92.3,29.2,198422.3604,30.7,8.5,15-24,4569.0,611.0,2928.0,2695.0,515.3,68.91,330.22,303.95,10000.0,144.0,34000.0
SD,2017,837000,0.825,0.021,0.036,0.013,0.084,,0.022,56890,10.4,4.2,1.0,69.1,91.7,28.1,189437.6255,31.0,,15-24,4637.0,575.0,3362.0,2610.0,522.97,64.85,379.17,294.36,10000.0,137.0,34000.0
SD,2016,835800,0.827,0.013,0.037,0.015,0.087,,0.02,57450,14.5,4.9,0.8,69.5,91.2,28.9,181737.2332,27.9,,15-24,4666.0,556.0,3862.0,2741.0,526.24,62.7,435.56,309.13,10000.0,124.0,35000.0
TN,2022,6875900,0.721,0.152,0.063,0.019,0.001,0.001,0.044,65380,10.5,2.0,1.3,60.4,90.4,31.1,297733.91,16.2,26.6,15-24,18562.0,3142.0,19230.0,27284.0,263.33,44.58,272.81,387.06,96000.0,,266000.0
TN,2021,6796100,0.723,0.151,0.06,0.017,0.001,,0.048,62170,10.6,2.6,2.4,60.5,89.7,30.5,249966.9271,16.5,27.4,15-24,18923.0,3050.0,19284.0,27773.0,271.73,43.8,276.92,398.83,108000.0,,272000.0
TN,2020,0,0.0,0,0.0,0.0,0,0,0.0,54970,13.1,4.2,1.6,60.5,89.7,30.7,214528.5328,15.4,25.4,15-24,18258.0,3129.0,23150.0,27583.0,263.61,45.18,334.24,398.25,,,
TN,2019,6640900,0.736,0.164,0.057,0.018,0.003,,0.022,56630,13.1,2.8,1.0,61.9,88.0,28.7,197744.8719,15.5,17.3,15-24,21493.0,4025.0,26425.0,30888.0,311.01,58.25,382.37,446.96,89000.0,2077.0,291000.0
TN,2018,6586400,0.738,0.165,0.055,0.017,<.01,,0.022,56060,12.0,2.8,1.0,61.0,87.8,27.5,184810.4038,14.7,14.1,15-24,24965.0,4325.0,28558.0,33499.0,361.25,62.58,413.24,484.73,108000.0,2068.0,331000.0
TN,2017,6538200,0.741,0.164,0.054,0.018,<.01,,0.021,55240,11.5,3.1,1.5,60.5,87.8,27.3,172208.9585,14.9,14.4,15-24,26031.0,4644.0,30650.0,35517.0,376.67,67.2,443.51,513.94,101000.0,2206.0,315000.0
TN,2016,6467700,0.744,0.164,0.052,0.018,<.01,,0.019,51340,14.9,3.0,1.9,60.2,87.0,26.1,160104.0511,14.0,13.1,15-24,25436.0,4957.0,30504.0,36873.0,368.07,71.73,441.4,533.55,105000.0,2153.0,334000.0
TX,2022,29322500,0.389,0.115,0.405,0.054,0.001,0.001,0.036,74640,13.5,3.4,1.6,64.1,86.1,33.9,298431.8276,16.0,12.6,15-24,64713.0,8841.0,66307.0,96309.0,215.49,29.44,220.81,320.71,486000.0,,1412000.0
TX,2021,28845300,0.393,0.114,0.404,0.052,0.002,0.001,0.035,67400,13.5,4.5,3.2,63.6,85.4,33.1,253290.688,16.7,12.1,15-24,62370.0,8178.0,65165.0,97598.0,210.99,27.66,220.44,330.15,508000.0,,1441000.0
TX,2020,0,0.0,0,0.0,0.0,0,0,0.0,68400,14.0,7.5,1.7,63.0,85.8,33.2,220966.253,16.0,10.2,15-24,48153.0,7119.0,62111.0,78990.0,164.72,24.35,212.46,270.2,,,
TX,2019,28286200,0.411,0.117,0.4,0.05,0.003,0.001,0.019,67440,11.1,3.3,1.1,64.0,84.6,30.8,209784.662,15.2,5.4,15-24,41287.0,6757.0,56533.0,62550.0,141.66,23.19,193.97,214.61,434000.0,2957.0,1401000.0
TX,2018,28024000,0.414,0.116,0.398,0.05,<.01,<.01,0.019,59790,13.7,3.5,1.4,63.9,84.0,30.3,200646.5253,14.3,5.7,15-24,28615.0,4407.0,39331.0,41274.0,98.18,15.12,134.95,141.61,462000.0,2907.0,1545000.0
TX,2017,27621300,0.419,0.116,0.397,0.048,<.01,<.01,0.018,59300,13.4,3.8,1.7,63.8,83.6,29.6,188880.9498,15.2,6.5,15-24,17290.0,2298.0,19456.0,17350.0,59.32,7.89,66.75,59.53,477000.0,2855.0,1525000.0
TX,2016,27178300,0.425,0.115,0.393,0.047,<.01,<.01,0.018,58150,13.8,4.8,1.7,63.9,82.9,28.9,177245.5816,13.4,6.7,15-24,12644.0,1855.0,16343.0,12473.0,43.38,6.37,56.08,42.79,479000.0,2860.0,1619000.0
UT,2022,3321500,0.756,0.01,0.152,0.026,0.007,0.011,0.039,95800,6.0,3.9,0.6,68.8,93.0,37.9,527624.7927,21.1,7.3,15-24,9000.0,737.0,7286.0,7096.0,266.18,21.8,215.49,209.86,45000.0,,78000.0
UT,2021,3281800,0.76,0.01,0.147,0.025,0.006,0.008,0.044,87650,7.9,5.6,1.2,68.0,93.2,36.8,450383.8708,21.2,9.9,15-24,8745.0,710.0,7259.0,6977.0,261.88,21.26,217.38,208.94,42000.0,,76000.0
UT,2020,0,0.0,0,0.0,0.0,0,0,0.0,83990,7.4,7.7,0.8,68.0,94.0,36.9,366694.0076,22.0,8.9,15-24,7942.0,641.0,7291.0,5984.0,241.84,19.52,222.02,182.22,,,
UT,2019,3154100,0.778,0.01,0.144,0.023,0.01,0.008,0.027,84520,7.3,3.5,0.7,68.5,93.0,34.8,336610.8071,26.4,7.5,15-24,8508.0,842.0,8073.0,6121.0,260.05,25.74,246.76,187.09,39000.0,460.0,91000.0
UT,2018,3105900,0.78,0.012,0.141,0.023,0.01,0.01,0.026,77070,6.9,3.9,0.7,68.5,92.4,34.9,312339.5735,23.5,11.8,15-24,10268.0,907.0,8303.0,6347.0,313.85,27.73,253.79,194.0,34000.0,483.0,87000.0
UT,2017,3047400,0.785,0.011,0.14,0.024,0.01,0.01,0.023,71320,8.6,4.3,1.1,68.8,92.1,34.6,285466.6319,25.0,13.1,15-24,10517.0,1031.0,9108.0,6143.0,321.46,31.51,278.39,187.77,42000.0,594.0,98000.0
UT,2016,2999300,0.788,0.01,0.138,0.024,0.01,0.01,0.024,67480,8.6,4.7,1.2,68.4,91.7,32.6,262777.5188,20.6,11.0,15-24,9953.0,1062.0,10082.0,6426.0,304.23,32.46,308.17,196.42,42000.0,641.0,101000.0
VT,2022,624300,0.904,0.008,0.022,0.015,,,0.049,72190,9.0,2.4,1.0,63.6,95.0,44.2,363019.3169,14.9,18.3,15-24,206.0,77.0,607.0,831.0,31.84,11.9,93.8,128.42,6000.0,,13000.0
VT,2021,619700,0.906,0.011,0.02,0.018,,,0.044,76080,7.5,2.8,2.1,62.4,94.5,44.4,320137.2335,12.5,21.6,15-24,198.0,120.0,653.0,771.0,30.6,18.54,100.91,119.15,7000.0,,12000.0
VT,2020,0,0.0,0,0.0,0.0,0,0,0.0,67260,8.6,4.8,1.0,63.6,94.2,42.1,277080.2746,17.6,,15-24,175.0,73.0,617.0,689.0,27.22,11.36,95.96,107.17,,,
VT,2019,598100,0.928,0.011,0.018,0.016,0.007,,0.02,74310,8.6,2.5,0.5,66.4,93.1,38.7,262325.7031,12.7,,15-24,274.0,89.0,827.0,861.0,42.61,13.84,128.6,133.89,5000.0,179.0,11000.0
VT,2018,600600,0.929,0.011,0.018,0.019,<.01,,0.019,70070,9.7,2.9,0.9,67.0,93.5,38.7,255729.6967,14.7,,15-24,364.0,152.0,881.0,857.0,56.6,23.64,137.0,133.26,6000.0,223.0,14000.0
VT,2017,600200,0.931,0.012,0.017,0.017,,,0.02,63810,10.2,3.2,1.0,67.3,92.6,38.3,245043.4988,15.9,17.0,15-24,412.0,77.0,859.0,683.0,64.06,11.98,133.58,106.21,6000.0,219.0,16000.0
VT,2016,599600,0.935,0.01,0.019,0.011,0.01,,0.023,60840,9.6,3.4,0.9,67.1,92.1,36.4,234555.1117,12.3,,15-24,490.0,91.0,1010.0,751.0,76.2,14.15,157.06,116.78,8000.0,206.0,17000.0
VA,2022,8332800,0.589,0.182,0.104,0.07,0.001,0.001,0.054,85170,8.3,2.3,1.1,65.0,91.5,42.2,355529.9821,15.3,14.1,15-24,10864.0,3381.0,16335.0,20983.0,125.18,38.95,188.21,241.76,106000.0,,234000.0
VA,2021,8305000,0.595,0.177,0.102,0.068,0.002,0.001,0.056,80270,9.8,3.6,2.5,63.6,91.4,41.8,323129.4257,17.2,18.0,15-24,10885.0,2933.0,14746.0,19332.0,125.73,33.88,170.33,223.3,99000.0,,243000.0
VA,2020,0,0.0,0,0.0,0.0,0,0,0.0,82210,7.8,5.7,1.5,64.2,91.4,42.0,287445.5725,16.7,16.8,15-24,19440.0,3296.0,17198.0,19325.0,225.07,38.16,199.12,223.75,,,
VA,2019,8185100,0.613,0.189,0.096,0.067,0.002,<.01,0.033,81310,8.8,2.1,1.0,65.8,90.0,39.6,271844.5169,14.3,10.3,15-24,26391.0,4333.0,22192.0,22644.0,305.75,50.2,257.11,262.35,83000.0,1003.0,245000.0
VA,2018,8182100,0.615,0.186,0.095,0.066,<.01,<.01,0.036,77150,9.8,2.5,1.0,65.3,89.9,39.3,262096.8427,17.1,8.4,15-24,28969.0,4559.0,23847.0,23824.0,335.62,52.82,276.28,276.02,91000.0,1031.0,252000.0
VA,2017,8140700,0.619,0.185,0.093,0.066,<.01,<.01,0.035,71290,10.3,3.0,1.5,65.7,89.7,38.7,252704.6926,14.5,10.6,15-24,28344.0,5120.0,26466.0,24681.0,328.38,59.32,306.63,285.94,94000.0,1055.0,258000.0
VA,2016,8080900,0.623,0.185,0.091,0.064,<.01,<.01,0.034,66450,11.4,3.1,1.7,65.0,89.3,38.1,244112.756,14.2,12.2,15-24,26922.0,5383.0,29616.0,26498.0,311.9,62.37,343.12,307.0,103000.0,984.0,262000.0
WA,2022,7602300,0.636,0.038,0.14,0.098,0.009,0.006,0.073,89430,9.0,2.8,1.8,64.0,92.2,39.5,581736.2384,14.2,21.8,15-24,2688.0,982.0,14948.0,15909.0,34.53,12.62,192.02,204.37,96000.0,,185000.0
WA,2021,7552200,0.646,0.037,0.136,0.094,0.007,0.006,0.073,87650,7.7,3.9,3.0,63.0,92.3,39.0,511119.2962,19.0,21.0,15-24,2427.0,990.0,13274.0,14035.0,31.35,12.79,171.46,181.3,100000.0,,198000.0
WA,2020,0,0.0,0,0.0,0.0,0,0,0.0,81360,8.2,6.5,2.0,63.7,92.1,38.4,429989.6745,16.5,18.8,15-24,4669.0,1325.0,17062.0,15122.0,60.44,17.15,220.88,195.77,,,
WA,2019,7423900,0.675,0.038,0.13,0.089,0.011,0.006,0.05,82450,7.0,2.8,1.4,65.7,91.7,37.0,395550.8636,16.1,12.1,15-24,6371.0,1798.0,18722.0,17562.0,82.68,23.34,242.97,227.92,84000.0,1519.0,197000.0
WA,2018,7368000,0.679,0.037,0.129,0.088,0.011,0.01,0.05,79730,8.6,3.0,1.7,64.2,91.6,36.7,375950.1166,19.4,10.0,15-24,7364.0,1991.0,21762.0,18590.0,95.58,25.84,282.43,241.26,89000.0,1480.0,204000.0
WA,2017,7239800,0.687,0.034,0.127,0.085,0.01,0.01,0.051,75420,9.9,3.7,1.7,63.7,91.3,35.5,340521.3649,21.5,9.8,15-24,7739.0,1947.0,24042.0,17924.0,100.44,25.27,312.02,232.62,88000.0,1412.0,232000.0
WA,2016,7124100,0.695,0.034,0.124,0.081,0.011,0.01,0.049,70310,11.0,4.0,2.0,63.7,90.8,35.1,306855.0345,16.8,8.6,15-24,8136.0,1881.0,25502.0,17285.0,105.59,24.41,330.97,224.33,99000.0,1362.0,220000.0
WV,2022,1718800,0.904,0.029,0.019,0.007,,,0.04,52460,15.5,4.1,1.7,54.4,89.1,24.8,152622.346,17.0,20.5,15-24,2168.0,212.0,2025.0,2411.0,122.21,11.95,114.15,135.9,28000.0,,86000.0
WV,2021,1733000,0.906,0.025,0.017,0.008,,,0.043,46840,16.9,5.2,3.0,53.8,88.8,24.1,140478.1797,19.3,37.1,15-24,2458.0,207.0,2017.0,2379.0,137.68,11.59,112.99,133.26,31000.0,,73000.0
WV,2020,0,0.0,0,0.0,0.0,0,0,0.0,51970,14.2,8.5,2.4,53.8,89.1,23.1,123764.9317,18.5,21.8,15-24,2269.0,208.0,2029.0,2264.0,126.65,11.61,113.26,126.37,,,
WV,2019,1739000,0.925,0.032,0.014,0.008,0.002,,0.018,53710,13.9,4.2,1.8,54.7,87.1,21.1,118521.2225,17.5,23.5,15-24,2137.0,248.0,2120.0,2251.0,119.13,13.82,118.19,125.49,30000.0,927.0,70000.0
WV,2018,1752300,0.925,0.036,0.013,0.008,<.01,,0.018,50570,15.9,4.4,2.0,54.4,87.8,21.3,115875.9069,19.1,25.0,15-24,2757.0,319.0,2690.0,2543.0,153.7,17.78,149.97,141.77,34000.0,904.0,87000.0
WV,2017,1762100,0.926,0.037,0.012,0.01,<.01,,0.016,45390,17.3,4.6,2.4,53.5,87.1,20.2,112069.1212,14.3,26.9,15-24,3377.0,519.0,3676.0,3327.0,188.27,28.94,204.94,185.48,34000.0,904.0,94000.0
WV,2016,1781700,0.924,0.034,0.014,0.01,<.01,,0.019,44350,18.0,5.2,2.8,53.3,86.0,20.8,111124.9657,14.5,27.3,15-24,3279.0,584.0,4603.0,3641.0,182.81,32.56,256.62,202.99,35000.0,869.0,88000.0
WI,2022,5757500,0.791,0.057,0.076,0.029,0.006,,0.041,73330,6.6,3.9,1.1,65.5,93.5,33.2,271266.0682,14.6,13.3,15-24,13578.0,1233.0,11813.0,11210.0,230.51,20.93,200.55,190.3,58000.0,,156000.0
WI,2021,5754400,0.793,0.058,0.075,0.03,0.005,,0.039,69940,9.3,5.2,2.2,66.1,93.3,32.5,247049.3372,16.5,14.6,15-24,13248.0,1391.0,11557.0,11625.0,225.3,23.66,196.55,197.7,66000.0,,168000.0
WI,2020,0,0.0,0,0.0,0.0,0,0,0.0,67410,8.0,8.3,1.4,66.1,93.1,31.8,218548.4436,15.9,12.9,15-24,11520.0,1290.0,11589.0,10105.0,195.36,21.87,196.53,171.37,,,
WI,2019,5677100,0.811,0.062,0.071,0.03,0.007,,0.02,67350,8.4,4.9,0.9,66.8,92.8,31.3,204646.6924,14.6,10.3,15-24,11345.0,1359.0,11547.0,9784.0,192.5,23.06,195.92,166.01,57000.0,770.0,168000.0
WI,2018,5662800,0.812,0.062,0.07,0.028,0.01,<.01,0.021,62630,8.6,5.2,1.0,67.3,92.1,30.0,192541.3011,13.3,8.4,15-24,11189.0,1350.0,11517.0,9726.0,189.85,22.91,195.41,165.02,59000.0,787.0,175000.0
WI,2017,5643000,0.815,0.058,0.068,0.03,0.01,,0.021,63450,9.5,5.2,1.2,68.0,92.4,30.4,181046.323,14.6,12.8,15-24,10331.0,1291.0,12812.0,10199.0,175.29,21.9,217.38,173.05,62000.0,824.0,182000.0
WI,2016,5623300,0.819,0.06,0.067,0.027,0.01,,0.019,59820,10.7,6.1,1.7,68.1,91.9,29.5,171104.8284,17.8,13.7,15-24,9469.0,1216.0,12558.0,9466.0,160.66,20.63,213.07,160.62,61000.0,921.0,198000.0
WY,2022,565300,0.819,0.007,0.109,0.006,0.016,,0.043,73090,7.1,2.9,1.4,64.0,93.7,29.6,326797.5156,33.1,,15-24,1115.0,69.0,902.0,1258.0,191.7,11.86,155.08,216.29,6000.0,,18000.0
WY,2021,563500,0.813,0.009,0.106,0.007,0.017,,0.048,71050,9.4,3.9,2.0,63.7,93.6,29.2,295169.9944,44.8,14.5,15-24,1094.0,57.0,855.0,1310.0,188.76,9.83,147.53,226.03,5000.0,,17000.0
WY,2020,0,0.0,0,0.0,0.0,0,0,0.0,65450,9.7,6.5,1.6,65.3,93.8,28.2,268151.0379,29.2,,15-24,232.0,16.0,194.0,210.0,40.16,2.77,33.58,36.35,,,
WY,2019,562700,0.838,0.01,0.101,0.006,0.022,,0.021,65130,9.2,3.2,0.9,65.7,94.5,29.1,251972.9787,28.2,,15-24,106.0,7.0,76.0,95.0,18.38,1.21,13.18,16.47,8000.0,143.0,15000.0
WY,2018,560300,0.842,0.005,0.1,0.011,0.023,,0.02,62540,9.5,3.0,1.1,65.6,93.3,26.9,241117.5729,33.7,,,,,,,,,,,7000.0,157.0,18000.0
WY,2017,563300,0.842,0.01,0.1,0.01,0.022,,0.02,57840,12.4,3.3,1.6,65.9,92.9,27.6,237261.1127,36.3,,,,,,,,,,,7000.0,153.0,18000.0
WY,2016,569400,0.847,0.01,0.096,0.01,0.023,,0.018,57830,10.9,3.9,1.6,66.6,93.2,27.1,236396.9848,19.4,19.4,,,,,,,,,,7000.0,146.0,15000.0
